"year_loc","period","ndays","start","end"
"2014-DEH1","GerEme",7,"Germination","Emergence"
"2014-GAH1","GerEme",8,"Germination","Emergence"
"2014-IAH1","GerEme",9,"Germination","Emergence"
"2014-ILH1","GerEme",6,"Germination","Emergence"
"2014-INH1","GerEme",6,"Germination","Emergence"
"2014-MNH1","GerEme",9,"Germination","Emergence"
"2014-MOH1","GerEme",7,"Germination","Emergence"
"2014-MOH2","GerEme",6,"Germination","Emergence"
"2014-NEH1","GerEme",7,"Germination","Emergence"
"2014-NEH2","GerEme",8,"Germination","Emergence"
"2014-NYH2","GerEme",8,"Germination","Emergence"
"2014-TXH1","GerEme",14,"Germination","Emergence"
"2014-TXH2","GerEme",7,"Germination","Emergence"
"2014-WIH1","GerEme",11,"Germination","Emergence"
"2015-DEH1","GerEme",8,"Germination","Emergence"
"2015-GAH1","GerEme",6,"Germination","Emergence"
"2015-ILH1","GerEme",7,"Germination","Emergence"
"2015-INH1","GerEme",8,"Germination","Emergence"
"2015-KSH1","GerEme",9,"Germination","Emergence"
"2015-MNH1","GerEme",9,"Germination","Emergence"
"2015-MOH1","GerEme",6,"Germination","Emergence"
"2015-MOH2","GerEme",7,"Germination","Emergence"
"2015-NEH2","GerEme",9,"Germination","Emergence"
"2015-NEH3","GerEme",6,"Germination","Emergence"
"2015-NYH2","GerEme",7,"Germination","Emergence"
"2015-NYH3","GerEme",6,"Germination","Emergence"
"2015-OHH1","GerEme",7,"Germination","Emergence"
"2015-SDH1","GerEme",10,"Germination","Emergence"
"2015-TXH1","GerEme",9,"Germination","Emergence"
"2015-TXH2","GerEme",7,"Germination","Emergence"
"2016-ARH1","GerEme",9,"Germination","Emergence"
"2016-ARH2","GerEme",6,"Germination","Emergence"
"2016-DEH1","GerEme",11,"Germination","Emergence"
"2016-GAH1","GerEme",8,"Germination","Emergence"
"2016-GAH2","GerEme",5,"Germination","Emergence"
"2016-IAH2","GerEme",12,"Germination","Emergence"
"2016-IAH3","GerEme",12,"Germination","Emergence"
"2016-IAH4","GerEme",12,"Germination","Emergence"
"2016-ILH1","GerEme",10,"Germination","Emergence"
"2016-INH1","GerEme",7,"Germination","Emergence"
"2016-MIH1","GerEme",6,"Germination","Emergence"
"2016-MNH1","GerEme",8,"Germination","Emergence"
"2016-MOH1","GerEme",6,"Germination","Emergence"
"2016-NEH1","GerEme",8,"Germination","Emergence"
"2016-NEH4","GerEme",5,"Germination","Emergence"
"2016-NYH1","GerEme",8,"Germination","Emergence"
"2016-NYH2","GerEme",12,"Germination","Emergence"
"2016-NYH2L","GerEme",12,"Germination","Emergence"
"2016-TXH1","GerEme",7,"Germination","Emergence"
"2016-TXH2","GerEme",6,"Germination","Emergence"
"2016-WIH1","GerEme",12,"Germination","Emergence"
"2016-WIH2","GerEme",6,"Germination","Emergence"
"2017-ARH1","GerEme",6,"Germination","Emergence"
"2017-ARH2","GerEme",7,"Germination","Emergence"
"2017-COH1","GerEme",7,"Germination","Emergence"
"2017-DEH1","GerEme",6,"Germination","Emergence"
"2017-GAH1","GerEme",8,"Germination","Emergence"
"2017-GAH2","GerEme",7,"Germination","Emergence"
"2017-IAH4","GerEme",7,"Germination","Emergence"
"2017-ILH1","GerEme",12,"Germination","Emergence"
"2017-INH1","GerEme",7,"Germination","Emergence"
"2017-MIH1","GerEme",8,"Germination","Emergence"
"2017-MNH1","GerEme",7,"Germination","Emergence"
"2017-MOH1","GerEme",6,"Germination","Emergence"
"2017-NYH1","GerEme",9,"Germination","Emergence"
"2017-NYH2","GerEme",9,"Germination","Emergence"
"2017-NYH3","GerEme",9,"Germination","Emergence"
"2017-TXH1-Dry","GerEme",7,"Germination","Emergence"
"2017-TXH1-Early","GerEme",7,"Germination","Emergence"
"2017-TXH1-Late","GerEme",6,"Germination","Emergence"
"2017-TXH2","GerEme",6,"Germination","Emergence"
"2017-WIH1","GerEme",10,"Germination","Emergence"
"2017-WIH2","GerEme",8,"Germination","Emergence"
"2018-ARH1","GerEme",7,"Germination","Emergence"
"2018-ARH2","GerEme",9,"Germination","Emergence"
"2018-DEH1","GerEme",7,"Germination","Emergence"
"2018-GAH1","GerEme",8,"Germination","Emergence"
"2018-GAH2","GerEme",6,"Germination","Emergence"
"2018-IAH2","GerEme",8,"Germination","Emergence"
"2018-IAH4","GerEme",7,"Germination","Emergence"
"2018-ILH1","GerEme",6,"Germination","Emergence"
"2018-INH1","GerEme",7,"Germination","Emergence"
"2018-MIH1","GerEme",6,"Germination","Emergence"
"2018-MNH1","GerEme",5,"Germination","Emergence"
"2018-MOH1","GerEme",6,"Germination","Emergence"
"2018-NCH1","GerEme",5,"Germination","Emergence"
"2018-NYH1","GerEme",6,"Germination","Emergence"
"2018-NYH2","GerEme",8,"Germination","Emergence"
"2018-NYH3","GerEme",8,"Germination","Emergence"
"2018-OHH1","GerEme",7,"Germination","Emergence"
"2018-SCH1","GerEme",9,"Germination","Emergence"
"2018-TXH1-Dry","GerEme",8,"Germination","Emergence"
"2018-TXH1-Early","GerEme",8,"Germination","Emergence"
"2018-TXH1-Late","GerEme",8,"Germination","Emergence"
"2018-TXH2","GerEme",6,"Germination","Emergence"
"2018-WIH1","GerEme",9,"Germination","Emergence"
"2018-WIH2","GerEme",7,"Germination","Emergence"
"2019-DEH1","GerEme",8,"Germination","Emergence"
"2019-GAH1","GerEme",6,"Germination","Emergence"
"2019-GAH2","GerEme",8,"Germination","Emergence"
"2019-IAH4","GerEme",5,"Germination","Emergence"
"2019-ILH1","GerEme",6,"Germination","Emergence"
"2019-INH1","GerEme",6,"Germination","Emergence"
"2019-MIH1","GerEme",8,"Germination","Emergence"
"2019-MNH1","GerEme",6,"Germination","Emergence"
"2019-MOH1","GerEme",7,"Germination","Emergence"
"2019-NCH1","GerEme",6,"Germination","Emergence"
"2019-NEH1","GerEme",9,"Germination","Emergence"
"2019-NEH2","GerEme",9,"Germination","Emergence"
"2019-NEH2L","GerEme",7,"Germination","Emergence"
"2019-NYH1","GerEme",8,"Germination","Emergence"
"2019-NYH2","GerEme",8,"Germination","Emergence"
"2019-NYH3","GerEme",8,"Germination","Emergence"
"2019-OHH1","GerEme",8,"Germination","Emergence"
"2019-SCH1","GerEme",6,"Germination","Emergence"
"2019-TXH1","GerEme",7,"Germination","Emergence"
"2019-TXH2","GerEme",7,"Germination","Emergence"
"2019-TXH3","GerEme",7,"Germination","Emergence"
"2019-WIH1","GerEme",11,"Germination","Emergence"
"2019-WIH2","GerEme",7,"Germination","Emergence"
"2020-DEH1","GerEme",8,"Germination","Emergence"
"2020-GAH1","GerEme",7,"Germination","Emergence"
"2020-GAH2","GerEme",9,"Germination","Emergence"
"2020-INH1","GerEme",8,"Germination","Emergence"
"2020-MIH1","GerEme",8,"Germination","Emergence"
"2020-MNH1","GerEme",9,"Germination","Emergence"
"2020-MOH1","GerEme",5,"Germination","Emergence"
"2020-NEH1","GerEme",8,"Germination","Emergence"
"2020-NEH2","GerEme",8,"Germination","Emergence"
"2020-NEH3","GerEme",11,"Germination","Emergence"
"2020-NYH1","GerEme",6,"Germination","Emergence"
"2020-NYH2","GerEme",6,"Germination","Emergence"
"2020-NYH3","GerEme",6,"Germination","Emergence"
"2020-OHH1","GerEme",6,"Germination","Emergence"
"2020-SCH1","GerEme",7,"Germination","Emergence"
"2020-TXH1","GerEme",5,"Germination","Emergence"
"2020-TXH2","GerEme",5,"Germination","Emergence"
"2020-TXH3","GerEme",7,"Germination","Emergence"
"2020-WIH1","GerEme",14,"Germination","Emergence"
"2020-WIH2","GerEme",10,"Germination","Emergence"
"2020-WIH3","GerEme",6,"Germination","Emergence"
"2021-COH1","GerEme",9,"Germination","Emergence"
"2021-DEH1","GerEme",7,"Germination","Emergence"
"2021-GAH1","GerEme",9,"Germination","Emergence"
"2021-GAH2","GerEme",9,"Germination","Emergence"
"2021-IAH4","GerEme",8,"Germination","Emergence"
"2021-ILH1","GerEme",9,"Germination","Emergence"
"2021-INH1","GerEme",8,"Germination","Emergence"
"2021-MIH1","GerEme",8,"Germination","Emergence"
"2021-MNH1","GerEme",7,"Germination","Emergence"
"2021-NEH1","GerEme",10,"Germination","Emergence"
"2021-NEH2","GerEme",9,"Germination","Emergence"
"2021-NEH3","GerEme",7,"Germination","Emergence"
"2021-NYH1","GerEme",6,"Germination","Emergence"
"2021-NYH2","GerEme",6,"Germination","Emergence"
"2021-NYH3","GerEme",6,"Germination","Emergence"
"2021-SCH1","GerEme",9,"Germination","Emergence"
"2021-SCH1L","GerEme",7,"Germination","Emergence"
"2021-TXH1","GerEme",6,"Germination","Emergence"
"2021-TXH2","GerEme",6,"Germination","Emergence"
"2021-TXH3","GerEme",7,"Germination","Emergence"
"2021-WIH1","GerEme",10,"Germination","Emergence"
"2021-WIH2","GerEme",9,"Germination","Emergence"
"2021-WIH3","GerEme",13,"Germination","Emergence"
"2022-DEH1","GerEme",10,"Germination","Emergence"
"2022-GAH1","GerEme",8,"Germination","Emergence"
"2022-GAH2","GerEme",8,"Germination","Emergence"
"2022-IAH2","GerEme",11,"Germination","Emergence"
"2022-IAH3","GerEme",14,"Germination","Emergence"
"2022-IAH4","GerEme",11,"Germination","Emergence"
"2022-ILH1","GerEme",6,"Germination","Emergence"
"2022-INH1","GerEme",7,"Germination","Emergence"
"2022-MIH1","GerEme",9,"Germination","Emergence"
"2022-MNH1","GerEme",10,"Germination","Emergence"
"2022-MOH2","GerEme",5,"Germination","Emergence"
"2022-NEH1","GerEme",5,"Germination","Emergence"
"2022-NEH2","GerEme",6,"Germination","Emergence"
"2022-NEH3","GerEme",6,"Germination","Emergence"
"2022-NYH2","GerEme",8,"Germination","Emergence"
"2022-NYH3","GerEme",8,"Germination","Emergence"
"2022-OHH1","GerEme",7,"Germination","Emergence"
"2022-SCH1","GerEme",9,"Germination","Emergence"
"2022-TXH1","GerEme",8,"Germination","Emergence"
"2022-TXH2","GerEme",8,"Germination","Emergence"
"2022-TXH3","GerEme",7,"Germination","Emergence"
"2022-WIH1","GerEme",5,"Germination","Emergence"
"2022-WIH2","GerEme",8,"Germination","Emergence"
"2022-WIH3","GerEme",11,"Germination","Emergence"
"2014-DEH1","EmeEnJ",20,"Emergence","EndJuvenile"
"2014-GAH1","EmeEnJ",20,"Emergence","EndJuvenile"
"2014-IAH1","EmeEnJ",14,"Emergence","EndJuvenile"
"2014-ILH1","EmeEnJ",19,"Emergence","EndJuvenile"
"2014-INH1","EmeEnJ",25,"Emergence","EndJuvenile"
"2014-MNH1","EmeEnJ",19,"Emergence","EndJuvenile"
"2014-MOH1","EmeEnJ",18,"Emergence","EndJuvenile"
"2014-MOH2","EmeEnJ",17,"Emergence","EndJuvenile"
"2014-NEH1","EmeEnJ",14,"Emergence","EndJuvenile"
"2014-NEH2","EmeEnJ",24,"Emergence","EndJuvenile"
"2014-NYH2","EmeEnJ",17,"Emergence","EndJuvenile"
"2014-TXH1","EmeEnJ",24,"Emergence","EndJuvenile"
"2014-TXH2","EmeEnJ",10,"Emergence","EndJuvenile"
"2014-WIH1","EmeEnJ",18,"Emergence","EndJuvenile"
"2015-DEH1","EmeEnJ",18,"Emergence","EndJuvenile"
"2015-GAH1","EmeEnJ",11,"Emergence","EndJuvenile"
"2015-ILH1","EmeEnJ",18,"Emergence","EndJuvenile"
"2015-INH1","EmeEnJ",18,"Emergence","EndJuvenile"
"2015-KSH1","EmeEnJ",32,"Emergence","EndJuvenile"
"2015-MNH1","EmeEnJ",18,"Emergence","EndJuvenile"
"2015-MOH1","EmeEnJ",27,"Emergence","EndJuvenile"
"2015-MOH2","EmeEnJ",24,"Emergence","EndJuvenile"
"2015-NEH2","EmeEnJ",38,"Emergence","EndJuvenile"
"2015-NEH3","EmeEnJ",18,"Emergence","EndJuvenile"
"2015-NYH2","EmeEnJ",22,"Emergence","EndJuvenile"
"2015-NYH3","EmeEnJ",20,"Emergence","EndJuvenile"
"2015-OHH1","EmeEnJ",14,"Emergence","EndJuvenile"
"2015-SDH1","EmeEnJ",18,"Emergence","EndJuvenile"
"2015-TXH1","EmeEnJ",18,"Emergence","EndJuvenile"
"2015-TXH2","EmeEnJ",26,"Emergence","EndJuvenile"
"2016-ARH1","EmeEnJ",20,"Emergence","EndJuvenile"
"2016-ARH2","EmeEnJ",21,"Emergence","EndJuvenile"
"2016-DEH1","EmeEnJ",21,"Emergence","EndJuvenile"
"2016-GAH1","EmeEnJ",14,"Emergence","EndJuvenile"
"2016-GAH2","EmeEnJ",15,"Emergence","EndJuvenile"
"2016-IAH2","EmeEnJ",23,"Emergence","EndJuvenile"
"2016-IAH3","EmeEnJ",25,"Emergence","EndJuvenile"
"2016-IAH4","EmeEnJ",23,"Emergence","EndJuvenile"
"2016-ILH1","EmeEnJ",21,"Emergence","EndJuvenile"
"2016-INH1","EmeEnJ",16,"Emergence","EndJuvenile"
"2016-MIH1","EmeEnJ",16,"Emergence","EndJuvenile"
"2016-MNH1","EmeEnJ",18,"Emergence","EndJuvenile"
"2016-MOH1","EmeEnJ",16,"Emergence","EndJuvenile"
"2016-NEH1","EmeEnJ",12,"Emergence","EndJuvenile"
"2016-NEH4","EmeEnJ",13,"Emergence","EndJuvenile"
"2016-NYH1","EmeEnJ",20,"Emergence","EndJuvenile"
"2016-NYH2","EmeEnJ",16,"Emergence","EndJuvenile"
"2016-NYH2L","EmeEnJ",16,"Emergence","EndJuvenile"
"2016-TXH1","EmeEnJ",20,"Emergence","EndJuvenile"
"2016-TXH2","EmeEnJ",26,"Emergence","EndJuvenile"
"2016-WIH1","EmeEnJ",15,"Emergence","EndJuvenile"
"2016-WIH2","EmeEnJ",15,"Emergence","EndJuvenile"
"2017-ARH1","EmeEnJ",22,"Emergence","EndJuvenile"
"2017-ARH2","EmeEnJ",18,"Emergence","EndJuvenile"
"2017-COH1","EmeEnJ",20,"Emergence","EndJuvenile"
"2017-DEH1","EmeEnJ",22,"Emergence","EndJuvenile"
"2017-GAH1","EmeEnJ",16,"Emergence","EndJuvenile"
"2017-GAH2","EmeEnJ",13,"Emergence","EndJuvenile"
"2017-IAH4","EmeEnJ",22,"Emergence","EndJuvenile"
"2017-ILH1","EmeEnJ",23,"Emergence","EndJuvenile"
"2017-INH1","EmeEnJ",15,"Emergence","EndJuvenile"
"2017-MIH1","EmeEnJ",14,"Emergence","EndJuvenile"
"2017-MNH1","EmeEnJ",22,"Emergence","EndJuvenile"
"2017-MOH1","EmeEnJ",20,"Emergence","EndJuvenile"
"2017-NYH1","EmeEnJ",18,"Emergence","EndJuvenile"
"2017-NYH2","EmeEnJ",18,"Emergence","EndJuvenile"
"2017-NYH3","EmeEnJ",21,"Emergence","EndJuvenile"
"2017-TXH1-Dry","EmeEnJ",17,"Emergence","EndJuvenile"
"2017-TXH1-Early","EmeEnJ",17,"Emergence","EndJuvenile"
"2017-TXH1-Late","EmeEnJ",16,"Emergence","EndJuvenile"
"2017-TXH2","EmeEnJ",23,"Emergence","EndJuvenile"
"2017-WIH1","EmeEnJ",20,"Emergence","EndJuvenile"
"2017-WIH2","EmeEnJ",22,"Emergence","EndJuvenile"
"2018-ARH1","EmeEnJ",21,"Emergence","EndJuvenile"
"2018-ARH2","EmeEnJ",21,"Emergence","EndJuvenile"
"2018-DEH1","EmeEnJ",18,"Emergence","EndJuvenile"
"2018-GAH1","EmeEnJ",15,"Emergence","EndJuvenile"
"2018-GAH2","EmeEnJ",14,"Emergence","EndJuvenile"
"2018-IAH2","EmeEnJ",21,"Emergence","EndJuvenile"
"2018-IAH4","EmeEnJ",15,"Emergence","EndJuvenile"
"2018-ILH1","EmeEnJ",16,"Emergence","EndJuvenile"
"2018-INH1","EmeEnJ",16,"Emergence","EndJuvenile"
"2018-MIH1","EmeEnJ",15,"Emergence","EndJuvenile"
"2018-MNH1","EmeEnJ",15,"Emergence","EndJuvenile"
"2018-MOH1","EmeEnJ",15,"Emergence","EndJuvenile"
"2018-NCH1","EmeEnJ",15,"Emergence","EndJuvenile"
"2018-NYH1","EmeEnJ",17,"Emergence","EndJuvenile"
"2018-NYH2","EmeEnJ",18,"Emergence","EndJuvenile"
"2018-NYH3","EmeEnJ",22,"Emergence","EndJuvenile"
"2018-OHH1","EmeEnJ",11,"Emergence","EndJuvenile"
"2018-SCH1","EmeEnJ",16,"Emergence","EndJuvenile"
"2018-TXH1-Dry","EmeEnJ",18,"Emergence","EndJuvenile"
"2018-TXH1-Early","EmeEnJ",18,"Emergence","EndJuvenile"
"2018-TXH1-Late","EmeEnJ",20,"Emergence","EndJuvenile"
"2018-TXH2","EmeEnJ",14,"Emergence","EndJuvenile"
"2018-WIH1","EmeEnJ",14,"Emergence","EndJuvenile"
"2018-WIH2","EmeEnJ",18,"Emergence","EndJuvenile"
"2019-DEH1","EmeEnJ",14,"Emergence","EndJuvenile"
"2019-GAH1","EmeEnJ",14,"Emergence","EndJuvenile"
"2019-GAH2","EmeEnJ",19,"Emergence","EndJuvenile"
"2019-IAH4","EmeEnJ",19,"Emergence","EndJuvenile"
"2019-ILH1","EmeEnJ",16,"Emergence","EndJuvenile"
"2019-INH1","EmeEnJ",18,"Emergence","EndJuvenile"
"2019-MIH1","EmeEnJ",20,"Emergence","EndJuvenile"
"2019-MNH1","EmeEnJ",19,"Emergence","EndJuvenile"
"2019-MOH1","EmeEnJ",17,"Emergence","EndJuvenile"
"2019-NCH1","EmeEnJ",13,"Emergence","EndJuvenile"
"2019-NEH1","EmeEnJ",19,"Emergence","EndJuvenile"
"2019-NEH2","EmeEnJ",18,"Emergence","EndJuvenile"
"2019-NEH2L","EmeEnJ",14,"Emergence","EndJuvenile"
"2019-NYH1","EmeEnJ",18,"Emergence","EndJuvenile"
"2019-NYH2","EmeEnJ",21,"Emergence","EndJuvenile"
"2019-NYH3","EmeEnJ",25,"Emergence","EndJuvenile"
"2019-OHH1","EmeEnJ",13,"Emergence","EndJuvenile"
"2019-SCH1","EmeEnJ",15,"Emergence","EndJuvenile"
"2019-TXH1","EmeEnJ",21,"Emergence","EndJuvenile"
"2019-TXH2","EmeEnJ",22,"Emergence","EndJuvenile"
"2019-TXH3","EmeEnJ",22,"Emergence","EndJuvenile"
"2019-WIH1","EmeEnJ",17,"Emergence","EndJuvenile"
"2019-WIH2","EmeEnJ",19,"Emergence","EndJuvenile"
"2020-DEH1","EmeEnJ",17,"Emergence","EndJuvenile"
"2020-GAH1","EmeEnJ",16,"Emergence","EndJuvenile"
"2020-GAH2","EmeEnJ",16,"Emergence","EndJuvenile"
"2020-INH1","EmeEnJ",17,"Emergence","EndJuvenile"
"2020-MIH1","EmeEnJ",11,"Emergence","EndJuvenile"
"2020-MNH1","EmeEnJ",15,"Emergence","EndJuvenile"
"2020-MOH1","EmeEnJ",14,"Emergence","EndJuvenile"
"2020-NEH1","EmeEnJ",18,"Emergence","EndJuvenile"
"2020-NEH2","EmeEnJ",23,"Emergence","EndJuvenile"
"2020-NEH3","EmeEnJ",22,"Emergence","EndJuvenile"
"2020-NYH1","EmeEnJ",21,"Emergence","EndJuvenile"
"2020-NYH2","EmeEnJ",18,"Emergence","EndJuvenile"
"2020-NYH3","EmeEnJ",19,"Emergence","EndJuvenile"
"2020-OHH1","EmeEnJ",13,"Emergence","EndJuvenile"
"2020-SCH1","EmeEnJ",15,"Emergence","EndJuvenile"
"2020-TXH1","EmeEnJ",20,"Emergence","EndJuvenile"
"2020-TXH2","EmeEnJ",19,"Emergence","EndJuvenile"
"2020-TXH3","EmeEnJ",17,"Emergence","EndJuvenile"
"2020-WIH1","EmeEnJ",16,"Emergence","EndJuvenile"
"2020-WIH2","EmeEnJ",17,"Emergence","EndJuvenile"
"2020-WIH3","EmeEnJ",15,"Emergence","EndJuvenile"
"2021-COH1","EmeEnJ",19,"Emergence","EndJuvenile"
"2021-DEH1","EmeEnJ",22,"Emergence","EndJuvenile"
"2021-GAH1","EmeEnJ",13,"Emergence","EndJuvenile"
"2021-GAH2","EmeEnJ",19,"Emergence","EndJuvenile"
"2021-IAH4","EmeEnJ",29,"Emergence","EndJuvenile"
"2021-ILH1","EmeEnJ",21,"Emergence","EndJuvenile"
"2021-INH1","EmeEnJ",11,"Emergence","EndJuvenile"
"2021-MIH1","EmeEnJ",18,"Emergence","EndJuvenile"
"2021-MNH1","EmeEnJ",20,"Emergence","EndJuvenile"
"2021-NEH1","EmeEnJ",20,"Emergence","EndJuvenile"
"2021-NEH2","EmeEnJ",23,"Emergence","EndJuvenile"
"2021-NEH3","EmeEnJ",17,"Emergence","EndJuvenile"
"2021-NYH1","EmeEnJ",19,"Emergence","EndJuvenile"
"2021-NYH2","EmeEnJ",18,"Emergence","EndJuvenile"
"2021-NYH3","EmeEnJ",18,"Emergence","EndJuvenile"
"2021-SCH1","EmeEnJ",18,"Emergence","EndJuvenile"
"2021-SCH1L","EmeEnJ",18,"Emergence","EndJuvenile"
"2021-TXH1","EmeEnJ",23,"Emergence","EndJuvenile"
"2021-TXH2","EmeEnJ",23,"Emergence","EndJuvenile"
"2021-TXH3","EmeEnJ",14,"Emergence","EndJuvenile"
"2021-WIH1","EmeEnJ",18,"Emergence","EndJuvenile"
"2021-WIH2","EmeEnJ",14,"Emergence","EndJuvenile"
"2021-WIH3","EmeEnJ",21,"Emergence","EndJuvenile"
"2022-DEH1","EmeEnJ",19,"Emergence","EndJuvenile"
"2022-GAH1","EmeEnJ",20,"Emergence","EndJuvenile"
"2022-GAH2","EmeEnJ",20,"Emergence","EndJuvenile"
"2022-IAH2","EmeEnJ",20,"Emergence","EndJuvenile"
"2022-IAH3","EmeEnJ",24,"Emergence","EndJuvenile"
"2022-IAH4","EmeEnJ",22,"Emergence","EndJuvenile"
"2022-ILH1","EmeEnJ",22,"Emergence","EndJuvenile"
"2022-INH1","EmeEnJ",13,"Emergence","EndJuvenile"
"2022-MIH1","EmeEnJ",17,"Emergence","EndJuvenile"
"2022-MNH1","EmeEnJ",20,"Emergence","EndJuvenile"
"2022-MOH2","EmeEnJ",14,"Emergence","EndJuvenile"
"2022-NEH1","EmeEnJ",23,"Emergence","EndJuvenile"
"2022-NEH2","EmeEnJ",28,"Emergence","EndJuvenile"
"2022-NEH3","EmeEnJ",28,"Emergence","EndJuvenile"
"2022-NYH2","EmeEnJ",15,"Emergence","EndJuvenile"
"2022-NYH3","EmeEnJ",15,"Emergence","EndJuvenile"
"2022-OHH1","EmeEnJ",10,"Emergence","EndJuvenile"
"2022-SCH1","EmeEnJ",18,"Emergence","EndJuvenile"
"2022-TXH1","EmeEnJ",24,"Emergence","EndJuvenile"
"2022-TXH2","EmeEnJ",24,"Emergence","EndJuvenile"
"2022-TXH3","EmeEnJ",26,"Emergence","EndJuvenile"
"2022-WIH1","EmeEnJ",19,"Emergence","EndJuvenile"
"2022-WIH2","EmeEnJ",16,"Emergence","EndJuvenile"
"2022-WIH3","EmeEnJ",20,"Emergence","EndJuvenile"
"2014-DEH1","EnJFlo",1,"EndJuvenile","FloralInitiation"
"2014-GAH1","EnJFlo",1,"EndJuvenile","FloralInitiation"
"2014-IAH1","EnJFlo",2,"EndJuvenile","FloralInitiation"
"2014-ILH1","EnJFlo",1,"EndJuvenile","FloralInitiation"
"2014-INH1","EnJFlo",1,"EndJuvenile","FloralInitiation"
"2014-MNH1","EnJFlo",1,"EndJuvenile","FloralInitiation"
"2014-MOH1","EnJFlo",1,"EndJuvenile","FloralInitiation"
"2014-MOH2","EnJFlo",1,"EndJuvenile","FloralInitiation"
"2014-NEH1","EnJFlo",1,"EndJuvenile","FloralInitiation"
"2014-NEH2","EnJFlo",1,"EndJuvenile","FloralInitiation"
"2014-NYH2","EnJFlo",1,"EndJuvenile","FloralInitiation"
"2014-TXH1","EnJFlo",1,"EndJuvenile","FloralInitiation"
"2014-TXH2","EnJFlo",1,"EndJuvenile","FloralInitiation"
"2014-WIH1","EnJFlo",1,"EndJuvenile","FloralInitiation"
"2015-DEH1","EnJFlo",1,"EndJuvenile","FloralInitiation"
"2015-GAH1","EnJFlo",1,"EndJuvenile","FloralInitiation"
"2015-ILH1","EnJFlo",1,"EndJuvenile","FloralInitiation"
"2015-INH1","EnJFlo",1,"EndJuvenile","FloralInitiation"
"2015-KSH1","EnJFlo",1,"EndJuvenile","FloralInitiation"
"2015-MNH1","EnJFlo",2,"EndJuvenile","FloralInitiation"
"2015-MOH1","EnJFlo",1,"EndJuvenile","FloralInitiation"
"2015-MOH2","EnJFlo",2,"EndJuvenile","FloralInitiation"
"2015-NEH2","EnJFlo",1,"EndJuvenile","FloralInitiation"
"2015-NEH3","EnJFlo",1,"EndJuvenile","FloralInitiation"
"2015-NYH2","EnJFlo",2,"EndJuvenile","FloralInitiation"
"2015-NYH3","EnJFlo",1,"EndJuvenile","FloralInitiation"
"2015-OHH1","EnJFlo",1,"EndJuvenile","FloralInitiation"
"2015-SDH1","EnJFlo",1,"EndJuvenile","FloralInitiation"
"2015-TXH1","EnJFlo",1,"EndJuvenile","FloralInitiation"
"2015-TXH2","EnJFlo",1,"EndJuvenile","FloralInitiation"
"2016-ARH1","EnJFlo",1,"EndJuvenile","FloralInitiation"
"2016-ARH2","EnJFlo",1,"EndJuvenile","FloralInitiation"
"2016-DEH1","EnJFlo",2,"EndJuvenile","FloralInitiation"
"2016-GAH1","EnJFlo",1,"EndJuvenile","FloralInitiation"
"2016-GAH2","EnJFlo",1,"EndJuvenile","FloralInitiation"
"2016-IAH2","EnJFlo",1,"EndJuvenile","FloralInitiation"
"2016-IAH3","EnJFlo",1,"EndJuvenile","FloralInitiation"
"2016-IAH4","EnJFlo",1,"EndJuvenile","FloralInitiation"
"2016-ILH1","EnJFlo",1,"EndJuvenile","FloralInitiation"
"2016-INH1","EnJFlo",1,"EndJuvenile","FloralInitiation"
"2016-MIH1","EnJFlo",1,"EndJuvenile","FloralInitiation"
"2016-MNH1","EnJFlo",1,"EndJuvenile","FloralInitiation"
"2016-MOH1","EnJFlo",1,"EndJuvenile","FloralInitiation"
"2016-NEH1","EnJFlo",1,"EndJuvenile","FloralInitiation"
"2016-NEH4","EnJFlo",1,"EndJuvenile","FloralInitiation"
"2016-NYH1","EnJFlo",2,"EndJuvenile","FloralInitiation"
"2016-NYH2","EnJFlo",2,"EndJuvenile","FloralInitiation"
"2016-NYH2L","EnJFlo",1,"EndJuvenile","FloralInitiation"
"2016-TXH1","EnJFlo",1,"EndJuvenile","FloralInitiation"
"2016-TXH2","EnJFlo",1,"EndJuvenile","FloralInitiation"
"2016-WIH1","EnJFlo",2,"EndJuvenile","FloralInitiation"
"2016-WIH2","EnJFlo",1,"EndJuvenile","FloralInitiation"
"2017-ARH1","EnJFlo",2,"EndJuvenile","FloralInitiation"
"2017-ARH2","EnJFlo",2,"EndJuvenile","FloralInitiation"
"2017-COH1","EnJFlo",1,"EndJuvenile","FloralInitiation"
"2017-DEH1","EnJFlo",1,"EndJuvenile","FloralInitiation"
"2017-GAH1","EnJFlo",1,"EndJuvenile","FloralInitiation"
"2017-GAH2","EnJFlo",1,"EndJuvenile","FloralInitiation"
"2017-IAH4","EnJFlo",1,"EndJuvenile","FloralInitiation"
"2017-ILH1","EnJFlo",2,"EndJuvenile","FloralInitiation"
"2017-INH1","EnJFlo",2,"EndJuvenile","FloralInitiation"
"2017-MIH1","EnJFlo",1,"EndJuvenile","FloralInitiation"
"2017-MNH1","EnJFlo",2,"EndJuvenile","FloralInitiation"
"2017-MOH1","EnJFlo",1,"EndJuvenile","FloralInitiation"
"2017-NYH1","EnJFlo",1,"EndJuvenile","FloralInitiation"
"2017-NYH2","EnJFlo",1,"EndJuvenile","FloralInitiation"
"2017-NYH3","EnJFlo",1,"EndJuvenile","FloralInitiation"
"2017-TXH1-Dry","EnJFlo",1,"EndJuvenile","FloralInitiation"
"2017-TXH1-Early","EnJFlo",1,"EndJuvenile","FloralInitiation"
"2017-TXH1-Late","EnJFlo",1,"EndJuvenile","FloralInitiation"
"2017-TXH2","EnJFlo",1,"EndJuvenile","FloralInitiation"
"2017-WIH1","EnJFlo",2,"EndJuvenile","FloralInitiation"
"2017-WIH2","EnJFlo",1,"EndJuvenile","FloralInitiation"
"2018-ARH1","EnJFlo",1,"EndJuvenile","FloralInitiation"
"2018-ARH2","EnJFlo",1,"EndJuvenile","FloralInitiation"
"2018-DEH1","EnJFlo",1,"EndJuvenile","FloralInitiation"
"2018-GAH1","EnJFlo",2,"EndJuvenile","FloralInitiation"
"2018-GAH2","EnJFlo",1,"EndJuvenile","FloralInitiation"
"2018-IAH2","EnJFlo",2,"EndJuvenile","FloralInitiation"
"2018-IAH4","EnJFlo",1,"EndJuvenile","FloralInitiation"
"2018-ILH1","EnJFlo",1,"EndJuvenile","FloralInitiation"
"2018-INH1","EnJFlo",1,"EndJuvenile","FloralInitiation"
"2018-MIH1","EnJFlo",1,"EndJuvenile","FloralInitiation"
"2018-MNH1","EnJFlo",1,"EndJuvenile","FloralInitiation"
"2018-MOH1","EnJFlo",1,"EndJuvenile","FloralInitiation"
"2018-NCH1","EnJFlo",1,"EndJuvenile","FloralInitiation"
"2018-NYH1","EnJFlo",1,"EndJuvenile","FloralInitiation"
"2018-NYH2","EnJFlo",1,"EndJuvenile","FloralInitiation"
"2018-NYH3","EnJFlo",1,"EndJuvenile","FloralInitiation"
"2018-OHH1","EnJFlo",1,"EndJuvenile","FloralInitiation"
"2018-SCH1","EnJFlo",1,"EndJuvenile","FloralInitiation"
"2018-TXH1-Dry","EnJFlo",1,"EndJuvenile","FloralInitiation"
"2018-TXH1-Early","EnJFlo",1,"EndJuvenile","FloralInitiation"
"2018-TXH1-Late","EnJFlo",1,"EndJuvenile","FloralInitiation"
"2018-TXH2","EnJFlo",1,"EndJuvenile","FloralInitiation"
"2018-WIH1","EnJFlo",1,"EndJuvenile","FloralInitiation"
"2018-WIH2","EnJFlo",1,"EndJuvenile","FloralInitiation"
"2019-DEH1","EnJFlo",1,"EndJuvenile","FloralInitiation"
"2019-GAH1","EnJFlo",1,"EndJuvenile","FloralInitiation"
"2019-GAH2","EnJFlo",1,"EndJuvenile","FloralInitiation"
"2019-IAH4","EnJFlo",1,"EndJuvenile","FloralInitiation"
"2019-ILH1","EnJFlo",1,"EndJuvenile","FloralInitiation"
"2019-INH1","EnJFlo",1,"EndJuvenile","FloralInitiation"
"2019-MIH1","EnJFlo",1,"EndJuvenile","FloralInitiation"
"2019-MNH1","EnJFlo",2,"EndJuvenile","FloralInitiation"
"2019-MOH1","EnJFlo",1,"EndJuvenile","FloralInitiation"
"2019-NCH1","EnJFlo",1,"EndJuvenile","FloralInitiation"
"2019-NEH1","EnJFlo",1,"EndJuvenile","FloralInitiation"
"2019-NEH2","EnJFlo",1,"EndJuvenile","FloralInitiation"
"2019-NEH2L","EnJFlo",1,"EndJuvenile","FloralInitiation"
"2019-NYH1","EnJFlo",1,"EndJuvenile","FloralInitiation"
"2019-NYH2","EnJFlo",1,"EndJuvenile","FloralInitiation"
"2019-NYH3","EnJFlo",1,"EndJuvenile","FloralInitiation"
"2019-OHH1","EnJFlo",1,"EndJuvenile","FloralInitiation"
"2019-SCH1","EnJFlo",1,"EndJuvenile","FloralInitiation"
"2019-TXH1","EnJFlo",1,"EndJuvenile","FloralInitiation"
"2019-TXH2","EnJFlo",1,"EndJuvenile","FloralInitiation"
"2019-TXH3","EnJFlo",1,"EndJuvenile","FloralInitiation"
"2019-WIH1","EnJFlo",2,"EndJuvenile","FloralInitiation"
"2019-WIH2","EnJFlo",1,"EndJuvenile","FloralInitiation"
"2020-DEH1","EnJFlo",1,"EndJuvenile","FloralInitiation"
"2020-GAH1","EnJFlo",1,"EndJuvenile","FloralInitiation"
"2020-GAH2","EnJFlo",1,"EndJuvenile","FloralInitiation"
"2020-INH1","EnJFlo",2,"EndJuvenile","FloralInitiation"
"2020-MIH1","EnJFlo",1,"EndJuvenile","FloralInitiation"
"2020-MNH1","EnJFlo",1,"EndJuvenile","FloralInitiation"
"2020-MOH1","EnJFlo",2,"EndJuvenile","FloralInitiation"
"2020-NEH1","EnJFlo",2,"EndJuvenile","FloralInitiation"
"2020-NEH2","EnJFlo",2,"EndJuvenile","FloralInitiation"
"2020-NEH3","EnJFlo",1,"EndJuvenile","FloralInitiation"
"2020-NYH1","EnJFlo",1,"EndJuvenile","FloralInitiation"
"2020-NYH2","EnJFlo",2,"EndJuvenile","FloralInitiation"
"2020-NYH3","EnJFlo",2,"EndJuvenile","FloralInitiation"
"2020-OHH1","EnJFlo",1,"EndJuvenile","FloralInitiation"
"2020-SCH1","EnJFlo",1,"EndJuvenile","FloralInitiation"
"2020-TXH1","EnJFlo",1,"EndJuvenile","FloralInitiation"
"2020-TXH2","EnJFlo",1,"EndJuvenile","FloralInitiation"
"2020-TXH3","EnJFlo",1,"EndJuvenile","FloralInitiation"
"2020-WIH1","EnJFlo",2,"EndJuvenile","FloralInitiation"
"2020-WIH2","EnJFlo",1,"EndJuvenile","FloralInitiation"
"2020-WIH3","EnJFlo",2,"EndJuvenile","FloralInitiation"
"2021-COH1","EnJFlo",1,"EndJuvenile","FloralInitiation"
"2021-DEH1","EnJFlo",1,"EndJuvenile","FloralInitiation"
"2021-GAH1","EnJFlo",1,"EndJuvenile","FloralInitiation"
"2021-GAH2","EnJFlo",1,"EndJuvenile","FloralInitiation"
"2021-IAH4","EnJFlo",1,"EndJuvenile","FloralInitiation"
"2021-ILH1","EnJFlo",1,"EndJuvenile","FloralInitiation"
"2021-INH1","EnJFlo",2,"EndJuvenile","FloralInitiation"
"2021-MIH1","EnJFlo",1,"EndJuvenile","FloralInitiation"
"2021-MNH1","EnJFlo",1,"EndJuvenile","FloralInitiation"
"2021-NEH1","EnJFlo",1,"EndJuvenile","FloralInitiation"
"2021-NEH2","EnJFlo",1,"EndJuvenile","FloralInitiation"
"2021-NEH3","EnJFlo",1,"EndJuvenile","FloralInitiation"
"2021-NYH1","EnJFlo",1,"EndJuvenile","FloralInitiation"
"2021-NYH2","EnJFlo",1,"EndJuvenile","FloralInitiation"
"2021-NYH3","EnJFlo",1,"EndJuvenile","FloralInitiation"
"2021-SCH1","EnJFlo",1,"EndJuvenile","FloralInitiation"
"2021-SCH1L","EnJFlo",1,"EndJuvenile","FloralInitiation"
"2021-TXH1","EnJFlo",1,"EndJuvenile","FloralInitiation"
"2021-TXH2","EnJFlo",1,"EndJuvenile","FloralInitiation"
"2021-TXH3","EnJFlo",2,"EndJuvenile","FloralInitiation"
"2021-WIH1","EnJFlo",1,"EndJuvenile","FloralInitiation"
"2021-WIH2","EnJFlo",2,"EndJuvenile","FloralInitiation"
"2021-WIH3","EnJFlo",1,"EndJuvenile","FloralInitiation"
"2022-DEH1","EnJFlo",2,"EndJuvenile","FloralInitiation"
"2022-GAH1","EnJFlo",1,"EndJuvenile","FloralInitiation"
"2022-GAH2","EnJFlo",2,"EndJuvenile","FloralInitiation"
"2022-IAH2","EnJFlo",1,"EndJuvenile","FloralInitiation"
"2022-IAH3","EnJFlo",1,"EndJuvenile","FloralInitiation"
"2022-IAH4","EnJFlo",1,"EndJuvenile","FloralInitiation"
"2022-ILH1","EnJFlo",1,"EndJuvenile","FloralInitiation"
"2022-INH1","EnJFlo",1,"EndJuvenile","FloralInitiation"
"2022-MIH1","EnJFlo",1,"EndJuvenile","FloralInitiation"
"2022-MNH1","EnJFlo",1,"EndJuvenile","FloralInitiation"
"2022-MOH2","EnJFlo",1,"EndJuvenile","FloralInitiation"
"2022-NEH1","EnJFlo",1,"EndJuvenile","FloralInitiation"
"2022-NEH2","EnJFlo",1,"EndJuvenile","FloralInitiation"
"2022-NEH3","EnJFlo",1,"EndJuvenile","FloralInitiation"
"2022-NYH2","EnJFlo",2,"EndJuvenile","FloralInitiation"
"2022-NYH3","EnJFlo",2,"EndJuvenile","FloralInitiation"
"2022-OHH1","EnJFlo",1,"EndJuvenile","FloralInitiation"
"2022-SCH1","EnJFlo",2,"EndJuvenile","FloralInitiation"
"2022-TXH1","EnJFlo",1,"EndJuvenile","FloralInitiation"
"2022-TXH2","EnJFlo",1,"EndJuvenile","FloralInitiation"
"2022-TXH3","EnJFlo",1,"EndJuvenile","FloralInitiation"
"2022-WIH1","EnJFlo",2,"EndJuvenile","FloralInitiation"
"2022-WIH2","EnJFlo",1,"EndJuvenile","FloralInitiation"
"2022-WIH3","EnJFlo",1,"EndJuvenile","FloralInitiation"
"2014-DEH1","FloFla",38,"FloralInitiation","FlagLeaf"
"2014-GAH1","FloFla",41,"FloralInitiation","FlagLeaf"
"2014-IAH1","FloFla",42,"FloralInitiation","FlagLeaf"
"2014-ILH1","FloFla",40,"FloralInitiation","FlagLeaf"
"2014-INH1","FloFla",52,"FloralInitiation","FlagLeaf"
"2014-MNH1","FloFla",44,"FloralInitiation","FlagLeaf"
"2014-MOH1","FloFla",37,"FloralInitiation","FlagLeaf"
"2014-MOH2","FloFla",36,"FloralInitiation","FlagLeaf"
"2014-NEH1","FloFla",38,"FloralInitiation","FlagLeaf"
"2014-NEH2","FloFla",42,"FloralInitiation","FlagLeaf"
"2014-NYH2","FloFla",43,"FloralInitiation","FlagLeaf"
"2014-TXH1","FloFla",43,"FloralInitiation","FlagLeaf"
"2014-TXH2","FloFla",33,"FloralInitiation","FlagLeaf"
"2014-WIH1","FloFla",46,"FloralInitiation","FlagLeaf"
"2015-DEH1","FloFla",35,"FloralInitiation","FlagLeaf"
"2015-GAH1","FloFla",33,"FloralInitiation","FlagLeaf"
"2015-ILH1","FloFla",40,"FloralInitiation","FlagLeaf"
"2015-INH1","FloFla",40,"FloralInitiation","FlagLeaf"
"2015-KSH1","FloFla",42,"FloralInitiation","FlagLeaf"
"2015-MNH1","FloFla",42,"FloralInitiation","FlagLeaf"
"2015-MOH1","FloFla",40,"FloralInitiation","FlagLeaf"
"2015-MOH2","FloFla",39,"FloralInitiation","FlagLeaf"
"2015-NEH2","FloFla",45,"FloralInitiation","FlagLeaf"
"2015-NEH3","FloFla",36,"FloralInitiation","FlagLeaf"
"2015-NYH2","FloFla",47,"FloralInitiation","FlagLeaf"
"2015-NYH3","FloFla",45,"FloralInitiation","FlagLeaf"
"2015-OHH1","FloFla",39,"FloralInitiation","FlagLeaf"
"2015-SDH1","FloFla",38,"FloralInitiation","FlagLeaf"
"2015-TXH1","FloFla",40,"FloralInitiation","FlagLeaf"
"2015-TXH2","FloFla",42,"FloralInitiation","FlagLeaf"
"2016-ARH1","FloFla",40,"FloralInitiation","FlagLeaf"
"2016-ARH2","FloFla",36,"FloralInitiation","FlagLeaf"
"2016-DEH1","FloFla",40,"FloralInitiation","FlagLeaf"
"2016-GAH1","FloFla",37,"FloralInitiation","FlagLeaf"
"2016-GAH2","FloFla",32,"FloralInitiation","FlagLeaf"
"2016-IAH2","FloFla",41,"FloralInitiation","FlagLeaf"
"2016-IAH3","FloFla",43,"FloralInitiation","FlagLeaf"
"2016-IAH4","FloFla",42,"FloralInitiation","FlagLeaf"
"2016-ILH1","FloFla",41,"FloralInitiation","FlagLeaf"
"2016-INH1","FloFla",37,"FloralInitiation","FlagLeaf"
"2016-MIH1","FloFla",37,"FloralInitiation","FlagLeaf"
"2016-MNH1","FloFla",42,"FloralInitiation","FlagLeaf"
"2016-MOH1","FloFla",34,"FloralInitiation","FlagLeaf"
"2016-NEH1","FloFla",32,"FloralInitiation","FlagLeaf"
"2016-NEH4","FloFla",35,"FloralInitiation","FlagLeaf"
"2016-NYH1","FloFla",38,"FloralInitiation","FlagLeaf"
"2016-NYH2","FloFla",41,"FloralInitiation","FlagLeaf"
"2016-NYH2L","FloFla",40,"FloralInitiation","FlagLeaf"
"2016-TXH1","FloFla",42,"FloralInitiation","FlagLeaf"
"2016-TXH2","FloFla",40,"FloralInitiation","FlagLeaf"
"2016-WIH1","FloFla",40,"FloralInitiation","FlagLeaf"
"2016-WIH2","FloFla",39,"FloralInitiation","FlagLeaf"
"2017-ARH1","FloFla",37,"FloralInitiation","FlagLeaf"
"2017-ARH2","FloFla",37,"FloralInitiation","FlagLeaf"
"2017-COH1","FloFla",40,"FloralInitiation","FlagLeaf"
"2017-DEH1","FloFla",38,"FloralInitiation","FlagLeaf"
"2017-GAH1","FloFla",36,"FloralInitiation","FlagLeaf"
"2017-GAH2","FloFla",34,"FloralInitiation","FlagLeaf"
"2017-IAH4","FloFla",39,"FloralInitiation","FlagLeaf"
"2017-ILH1","FloFla",40,"FloralInitiation","FlagLeaf"
"2017-INH1","FloFla",36,"FloralInitiation","FlagLeaf"
"2017-MIH1","FloFla",39,"FloralInitiation","FlagLeaf"
"2017-MNH1","FloFla",42,"FloralInitiation","FlagLeaf"
"2017-MOH1","FloFla",36,"FloralInitiation","FlagLeaf"
"2017-NYH1","FloFla",42,"FloralInitiation","FlagLeaf"
"2017-NYH2","FloFla",40,"FloralInitiation","FlagLeaf"
"2017-NYH3","FloFla",45,"FloralInitiation","FlagLeaf"
"2017-TXH1-Dry","FloFla",42,"FloralInitiation","FlagLeaf"
"2017-TXH1-Early","FloFla",42,"FloralInitiation","FlagLeaf"
"2017-TXH1-Late","FloFla",35,"FloralInitiation","FlagLeaf"
"2017-TXH2","FloFla",39,"FloralInitiation","FlagLeaf"
"2017-WIH1","FloFla",41,"FloralInitiation","FlagLeaf"
"2017-WIH2","FloFla",43,"FloralInitiation","FlagLeaf"
"2018-ARH1","FloFla",36,"FloralInitiation","FlagLeaf"
"2018-ARH2","FloFla",37,"FloralInitiation","FlagLeaf"
"2018-DEH1","FloFla",38,"FloralInitiation","FlagLeaf"
"2018-GAH1","FloFla",33,"FloralInitiation","FlagLeaf"
"2018-GAH2","FloFla",34,"FloralInitiation","FlagLeaf"
"2018-IAH2","FloFla",40,"FloralInitiation","FlagLeaf"
"2018-IAH4","FloFla",38,"FloralInitiation","FlagLeaf"
"2018-ILH1","FloFla",36,"FloralInitiation","FlagLeaf"
"2018-INH1","FloFla",39,"FloralInitiation","FlagLeaf"
"2018-MIH1","FloFla",38,"FloralInitiation","FlagLeaf"
"2018-MNH1","FloFla",40,"FloralInitiation","FlagLeaf"
"2018-MOH1","FloFla",32,"FloralInitiation","FlagLeaf"
"2018-NCH1","FloFla",32,"FloralInitiation","FlagLeaf"
"2018-NYH1","FloFla",37,"FloralInitiation","FlagLeaf"
"2018-NYH2","FloFla",39,"FloralInitiation","FlagLeaf"
"2018-NYH3","FloFla",41,"FloralInitiation","FlagLeaf"
"2018-OHH1","FloFla",36,"FloralInitiation","FlagLeaf"
"2018-SCH1","FloFla",35,"FloralInitiation","FlagLeaf"
"2018-TXH1-Dry","FloFla",45,"FloralInitiation","FlagLeaf"
"2018-TXH1-Early","FloFla",45,"FloralInitiation","FlagLeaf"
"2018-TXH1-Late","FloFla",33,"FloralInitiation","FlagLeaf"
"2018-TXH2","FloFla",32,"FloralInitiation","FlagLeaf"
"2018-WIH1","FloFla",41,"FloralInitiation","FlagLeaf"
"2018-WIH2","FloFla",40,"FloralInitiation","FlagLeaf"
"2019-DEH1","FloFla",35,"FloralInitiation","FlagLeaf"
"2019-GAH1","FloFla",34,"FloralInitiation","FlagLeaf"
"2019-GAH2","FloFla",35,"FloralInitiation","FlagLeaf"
"2019-IAH4","FloFla",35,"FloralInitiation","FlagLeaf"
"2019-ILH1","FloFla",39,"FloralInitiation","FlagLeaf"
"2019-INH1","FloFla",37,"FloralInitiation","FlagLeaf"
"2019-MIH1","FloFla",37,"FloralInitiation","FlagLeaf"
"2019-MNH1","FloFla",38,"FloralInitiation","FlagLeaf"
"2019-MOH1","FloFla",38,"FloralInitiation","FlagLeaf"
"2019-NCH1","FloFla",36,"FloralInitiation","FlagLeaf"
"2019-NEH1","FloFla",38,"FloralInitiation","FlagLeaf"
"2019-NEH2","FloFla",38,"FloralInitiation","FlagLeaf"
"2019-NEH2L","FloFla",35,"FloralInitiation","FlagLeaf"
"2019-NYH1","FloFla",37,"FloralInitiation","FlagLeaf"
"2019-NYH2","FloFla",39,"FloralInitiation","FlagLeaf"
"2019-NYH3","FloFla",41,"FloralInitiation","FlagLeaf"
"2019-OHH1","FloFla",33,"FloralInitiation","FlagLeaf"
"2019-SCH1","FloFla",34,"FloralInitiation","FlagLeaf"
"2019-TXH1","FloFla",40,"FloralInitiation","FlagLeaf"
"2019-TXH2","FloFla",40,"FloralInitiation","FlagLeaf"
"2019-TXH3","FloFla",40,"FloralInitiation","FlagLeaf"
"2019-WIH1","FloFla",41,"FloralInitiation","FlagLeaf"
"2019-WIH2","FloFla",37,"FloralInitiation","FlagLeaf"
"2020-DEH1","FloFla",34,"FloralInitiation","FlagLeaf"
"2020-GAH1","FloFla",40,"FloralInitiation","FlagLeaf"
"2020-GAH2","FloFla",34,"FloralInitiation","FlagLeaf"
"2020-INH1","FloFla",36,"FloralInitiation","FlagLeaf"
"2020-MIH1","FloFla",37,"FloralInitiation","FlagLeaf"
"2020-MNH1","FloFla",39,"FloralInitiation","FlagLeaf"
"2020-MOH1","FloFla",32,"FloralInitiation","FlagLeaf"
"2020-NEH1","FloFla",35,"FloralInitiation","FlagLeaf"
"2020-NEH2","FloFla",39,"FloralInitiation","FlagLeaf"
"2020-NEH3","FloFla",40,"FloralInitiation","FlagLeaf"
"2020-NYH1","FloFla",38,"FloralInitiation","FlagLeaf"
"2020-NYH2","FloFla",36,"FloralInitiation","FlagLeaf"
"2020-NYH3","FloFla",36,"FloralInitiation","FlagLeaf"
"2020-OHH1","FloFla",33,"FloralInitiation","FlagLeaf"
"2020-SCH1","FloFla",35,"FloralInitiation","FlagLeaf"
"2020-TXH1","FloFla",43,"FloralInitiation","FlagLeaf"
"2020-TXH2","FloFla",42,"FloralInitiation","FlagLeaf"
"2020-TXH3","FloFla",35,"FloralInitiation","FlagLeaf"
"2020-WIH1","FloFla",39,"FloralInitiation","FlagLeaf"
"2020-WIH2","FloFla",40,"FloralInitiation","FlagLeaf"
"2020-WIH3","FloFla",39,"FloralInitiation","FlagLeaf"
"2021-COH1","FloFla",41,"FloralInitiation","FlagLeaf"
"2021-DEH1","FloFla",40,"FloralInitiation","FlagLeaf"
"2021-GAH1","FloFla",37,"FloralInitiation","FlagLeaf"
"2021-GAH2","FloFla",36,"FloralInitiation","FlagLeaf"
"2021-IAH4","FloFla",37,"FloralInitiation","FlagLeaf"
"2021-ILH1","FloFla",40,"FloralInitiation","FlagLeaf"
"2021-INH1","FloFla",35,"FloralInitiation","FlagLeaf"
"2021-MIH1","FloFla",42,"FloralInitiation","FlagLeaf"
"2021-MNH1","FloFla",41,"FloralInitiation","FlagLeaf"
"2021-NEH1","FloFla",34,"FloralInitiation","FlagLeaf"
"2021-NEH2","FloFla",41,"FloralInitiation","FlagLeaf"
"2021-NEH3","FloFla",38,"FloralInitiation","FlagLeaf"
"2021-NYH1","FloFla",43,"FloralInitiation","FlagLeaf"
"2021-NYH2","FloFla",41,"FloralInitiation","FlagLeaf"
"2021-NYH3","FloFla",42,"FloralInitiation","FlagLeaf"
"2021-SCH1","FloFla",37,"FloralInitiation","FlagLeaf"
"2021-SCH1L","FloFla",36,"FloralInitiation","FlagLeaf"
"2021-TXH1","FloFla",41,"FloralInitiation","FlagLeaf"
"2021-TXH2","FloFla",41,"FloralInitiation","FlagLeaf"
"2021-TXH3","FloFla",35,"FloralInitiation","FlagLeaf"
"2021-WIH1","FloFla",39,"FloralInitiation","FlagLeaf"
"2021-WIH2","FloFla",40,"FloralInitiation","FlagLeaf"
"2021-WIH3","FloFla",40,"FloralInitiation","FlagLeaf"
"2022-DEH1","FloFla",39,"FloralInitiation","FlagLeaf"
"2022-GAH1","FloFla",36,"FloralInitiation","FlagLeaf"
"2022-GAH2","FloFla",35,"FloralInitiation","FlagLeaf"
"2022-IAH2","FloFla",39,"FloralInitiation","FlagLeaf"
"2022-IAH3","FloFla",42,"FloralInitiation","FlagLeaf"
"2022-IAH4","FloFla",41,"FloralInitiation","FlagLeaf"
"2022-ILH1","FloFla",41,"FloralInitiation","FlagLeaf"
"2022-INH1","FloFla",35,"FloralInitiation","FlagLeaf"
"2022-MIH1","FloFla",41,"FloralInitiation","FlagLeaf"
"2022-MNH1","FloFla",37,"FloralInitiation","FlagLeaf"
"2022-MOH2","FloFla",32,"FloralInitiation","FlagLeaf"
"2022-NEH1","FloFla",35,"FloralInitiation","FlagLeaf"
"2022-NEH2","FloFla",39,"FloralInitiation","FlagLeaf"
"2022-NEH3","FloFla",39,"FloralInitiation","FlagLeaf"
"2022-NYH2","FloFla",44,"FloralInitiation","FlagLeaf"
"2022-NYH3","FloFla",44,"FloralInitiation","FlagLeaf"
"2022-OHH1","FloFla",34,"FloralInitiation","FlagLeaf"
"2022-SCH1","FloFla",36,"FloralInitiation","FlagLeaf"
"2022-TXH1","FloFla",38,"FloralInitiation","FlagLeaf"
"2022-TXH2","FloFla",38,"FloralInitiation","FlagLeaf"
"2022-TXH3","FloFla",38,"FloralInitiation","FlagLeaf"
"2022-WIH1","FloFla",42,"FloralInitiation","FlagLeaf"
"2022-WIH2","FloFla",39,"FloralInitiation","FlagLeaf"
"2022-WIH3","FloFla",44,"FloralInitiation","FlagLeaf"
"2014-DEH1","FlaFlw",4,"FlagLeaf","Flowering"
"2014-GAH1","FlaFlw",5,"FlagLeaf","Flowering"
"2014-IAH1","FlaFlw",5,"FlagLeaf","Flowering"
"2014-ILH1","FlaFlw",5,"FlagLeaf","Flowering"
"2014-INH1","FlaFlw",5,"FlagLeaf","Flowering"
"2014-MNH1","FlaFlw",5,"FlagLeaf","Flowering"
"2014-MOH1","FlaFlw",5,"FlagLeaf","Flowering"
"2014-MOH2","FlaFlw",5,"FlagLeaf","Flowering"
"2014-NEH1","FlaFlw",5,"FlagLeaf","Flowering"
"2014-NEH2","FlaFlw",5,"FlagLeaf","Flowering"
"2014-NYH2","FlaFlw",5,"FlagLeaf","Flowering"
"2014-TXH1","FlaFlw",5,"FlagLeaf","Flowering"
"2014-TXH2","FlaFlw",4,"FlagLeaf","Flowering"
"2014-WIH1","FlaFlw",5,"FlagLeaf","Flowering"
"2015-DEH1","FlaFlw",5,"FlagLeaf","Flowering"
"2015-GAH1","FlaFlw",4,"FlagLeaf","Flowering"
"2015-ILH1","FlaFlw",5,"FlagLeaf","Flowering"
"2015-INH1","FlaFlw",4,"FlagLeaf","Flowering"
"2015-KSH1","FlaFlw",4,"FlagLeaf","Flowering"
"2015-MNH1","FlaFlw",5,"FlagLeaf","Flowering"
"2015-MOH1","FlaFlw",4,"FlagLeaf","Flowering"
"2015-MOH2","FlaFlw",4,"FlagLeaf","Flowering"
"2015-NEH2","FlaFlw",4,"FlagLeaf","Flowering"
"2015-NEH3","FlaFlw",5,"FlagLeaf","Flowering"
"2015-NYH2","FlaFlw",6,"FlagLeaf","Flowering"
"2015-NYH3","FlaFlw",5,"FlagLeaf","Flowering"
"2015-OHH1","FlaFlw",5,"FlagLeaf","Flowering"
"2015-SDH1","FlaFlw",5,"FlagLeaf","Flowering"
"2015-TXH1","FlaFlw",5,"FlagLeaf","Flowering"
"2015-TXH2","FlaFlw",4,"FlagLeaf","Flowering"
"2016-ARH1","FlaFlw",4,"FlagLeaf","Flowering"
"2016-ARH2","FlaFlw",4,"FlagLeaf","Flowering"
"2016-DEH1","FlaFlw",4,"FlagLeaf","Flowering"
"2016-GAH1","FlaFlw",4,"FlagLeaf","Flowering"
"2016-GAH2","FlaFlw",4,"FlagLeaf","Flowering"
"2016-IAH2","FlaFlw",5,"FlagLeaf","Flowering"
"2016-IAH3","FlaFlw",5,"FlagLeaf","Flowering"
"2016-IAH4","FlaFlw",4,"FlagLeaf","Flowering"
"2016-ILH1","FlaFlw",5,"FlagLeaf","Flowering"
"2016-INH1","FlaFlw",5,"FlagLeaf","Flowering"
"2016-MIH1","FlaFlw",4,"FlagLeaf","Flowering"
"2016-MNH1","FlaFlw",5,"FlagLeaf","Flowering"
"2016-MOH1","FlaFlw",4,"FlagLeaf","Flowering"
"2016-NEH1","FlaFlw",5,"FlagLeaf","Flowering"
"2016-NEH4","FlaFlw",5,"FlagLeaf","Flowering"
"2016-NYH1","FlaFlw",4,"FlagLeaf","Flowering"
"2016-NYH2","FlaFlw",5,"FlagLeaf","Flowering"
"2016-NYH2L","FlaFlw",5,"FlagLeaf","Flowering"
"2016-TXH1","FlaFlw",5,"FlagLeaf","Flowering"
"2016-TXH2","FlaFlw",4,"FlagLeaf","Flowering"
"2016-WIH1","FlaFlw",5,"FlagLeaf","Flowering"
"2016-WIH2","FlaFlw",4,"FlagLeaf","Flowering"
"2017-ARH1","FlaFlw",4,"FlagLeaf","Flowering"
"2017-ARH2","FlaFlw",5,"FlagLeaf","Flowering"
"2017-COH1","FlaFlw",6,"FlagLeaf","Flowering"
"2017-DEH1","FlaFlw",4,"FlagLeaf","Flowering"
"2017-GAH1","FlaFlw",4,"FlagLeaf","Flowering"
"2017-GAH2","FlaFlw",4,"FlagLeaf","Flowering"
"2017-IAH4","FlaFlw",5,"FlagLeaf","Flowering"
"2017-ILH1","FlaFlw",4,"FlagLeaf","Flowering"
"2017-INH1","FlaFlw",5,"FlagLeaf","Flowering"
"2017-MIH1","FlaFlw",5,"FlagLeaf","Flowering"
"2017-MNH1","FlaFlw",4,"FlagLeaf","Flowering"
"2017-MOH1","FlaFlw",4,"FlagLeaf","Flowering"
"2017-NYH1","FlaFlw",6,"FlagLeaf","Flowering"
"2017-NYH2","FlaFlw",6,"FlagLeaf","Flowering"
"2017-NYH3","FlaFlw",5,"FlagLeaf","Flowering"
"2017-TXH1-Dry","FlaFlw",5,"FlagLeaf","Flowering"
"2017-TXH1-Early","FlaFlw",5,"FlagLeaf","Flowering"
"2017-TXH1-Late","FlaFlw",4,"FlagLeaf","Flowering"
"2017-TXH2","FlaFlw",4,"FlagLeaf","Flowering"
"2017-WIH1","FlaFlw",6,"FlagLeaf","Flowering"
"2017-WIH2","FlaFlw",5,"FlagLeaf","Flowering"
"2018-ARH1","FlaFlw",4,"FlagLeaf","Flowering"
"2018-ARH2","FlaFlw",4,"FlagLeaf","Flowering"
"2018-DEH1","FlaFlw",5,"FlagLeaf","Flowering"
"2018-GAH1","FlaFlw",4,"FlagLeaf","Flowering"
"2018-GAH2","FlaFlw",4,"FlagLeaf","Flowering"
"2018-IAH2","FlaFlw",5,"FlagLeaf","Flowering"
"2018-IAH4","FlaFlw",4,"FlagLeaf","Flowering"
"2018-ILH1","FlaFlw",4,"FlagLeaf","Flowering"
"2018-INH1","FlaFlw",5,"FlagLeaf","Flowering"
"2018-MIH1","FlaFlw",5,"FlagLeaf","Flowering"
"2018-MNH1","FlaFlw",5,"FlagLeaf","Flowering"
"2018-MOH1","FlaFlw",4,"FlagLeaf","Flowering"
"2018-NCH1","FlaFlw",4,"FlagLeaf","Flowering"
"2018-NYH1","FlaFlw",5,"FlagLeaf","Flowering"
"2018-NYH2","FlaFlw",5,"FlagLeaf","Flowering"
"2018-NYH3","FlaFlw",5,"FlagLeaf","Flowering"
"2018-OHH1","FlaFlw",5,"FlagLeaf","Flowering"
"2018-SCH1","FlaFlw",4,"FlagLeaf","Flowering"
"2018-TXH1-Dry","FlaFlw",4,"FlagLeaf","Flowering"
"2018-TXH1-Early","FlaFlw",4,"FlagLeaf","Flowering"
"2018-TXH1-Late","FlaFlw",4,"FlagLeaf","Flowering"
"2018-TXH2","FlaFlw",4,"FlagLeaf","Flowering"
"2018-WIH1","FlaFlw",5,"FlagLeaf","Flowering"
"2018-WIH2","FlaFlw",5,"FlagLeaf","Flowering"
"2019-DEH1","FlaFlw",4,"FlagLeaf","Flowering"
"2019-GAH1","FlaFlw",4,"FlagLeaf","Flowering"
"2019-GAH2","FlaFlw",5,"FlagLeaf","Flowering"
"2019-IAH4","FlaFlw",5,"FlagLeaf","Flowering"
"2019-ILH1","FlaFlw",5,"FlagLeaf","Flowering"
"2019-INH1","FlaFlw",5,"FlagLeaf","Flowering"
"2019-MIH1","FlaFlw",5,"FlagLeaf","Flowering"
"2019-MNH1","FlaFlw",5,"FlagLeaf","Flowering"
"2019-MOH1","FlaFlw",4,"FlagLeaf","Flowering"
"2019-NCH1","FlaFlw",4,"FlagLeaf","Flowering"
"2019-NEH1","FlaFlw",5,"FlagLeaf","Flowering"
"2019-NEH2","FlaFlw",5,"FlagLeaf","Flowering"
"2019-NEH2L","FlaFlw",5,"FlagLeaf","Flowering"
"2019-NYH1","FlaFlw",5,"FlagLeaf","Flowering"
"2019-NYH2","FlaFlw",5,"FlagLeaf","Flowering"
"2019-NYH3","FlaFlw",5,"FlagLeaf","Flowering"
"2019-OHH1","FlaFlw",5,"FlagLeaf","Flowering"
"2019-SCH1","FlaFlw",4,"FlagLeaf","Flowering"
"2019-TXH1","FlaFlw",4,"FlagLeaf","Flowering"
"2019-TXH2","FlaFlw",4,"FlagLeaf","Flowering"
"2019-TXH3","FlaFlw",4,"FlagLeaf","Flowering"
"2019-WIH1","FlaFlw",5,"FlagLeaf","Flowering"
"2019-WIH2","FlaFlw",5,"FlagLeaf","Flowering"
"2020-DEH1","FlaFlw",4,"FlagLeaf","Flowering"
"2020-GAH1","FlaFlw",4,"FlagLeaf","Flowering"
"2020-GAH2","FlaFlw",4,"FlagLeaf","Flowering"
"2020-INH1","FlaFlw",5,"FlagLeaf","Flowering"
"2020-MIH1","FlaFlw",5,"FlagLeaf","Flowering"
"2020-MNH1","FlaFlw",5,"FlagLeaf","Flowering"
"2020-MOH1","FlaFlw",4,"FlagLeaf","Flowering"
"2020-NEH1","FlaFlw",4,"FlagLeaf","Flowering"
"2020-NEH2","FlaFlw",4,"FlagLeaf","Flowering"
"2020-NEH3","FlaFlw",5,"FlagLeaf","Flowering"
"2020-NYH1","FlaFlw",4,"FlagLeaf","Flowering"
"2020-NYH2","FlaFlw",5,"FlagLeaf","Flowering"
"2020-NYH3","FlaFlw",5,"FlagLeaf","Flowering"
"2020-OHH1","FlaFlw",5,"FlagLeaf","Flowering"
"2020-SCH1","FlaFlw",5,"FlagLeaf","Flowering"
"2020-TXH1","FlaFlw",4,"FlagLeaf","Flowering"
"2020-TXH2","FlaFlw",5,"FlagLeaf","Flowering"
"2020-TXH3","FlaFlw",4,"FlagLeaf","Flowering"
"2020-WIH1","FlaFlw",5,"FlagLeaf","Flowering"
"2020-WIH2","FlaFlw",5,"FlagLeaf","Flowering"
"2020-WIH3","FlaFlw",6,"FlagLeaf","Flowering"
"2021-COH1","FlaFlw",5,"FlagLeaf","Flowering"
"2021-DEH1","FlaFlw",4,"FlagLeaf","Flowering"
"2021-GAH1","FlaFlw",4,"FlagLeaf","Flowering"
"2021-GAH2","FlaFlw",4,"FlagLeaf","Flowering"
"2021-IAH4","FlaFlw",5,"FlagLeaf","Flowering"
"2021-ILH1","FlaFlw",4,"FlagLeaf","Flowering"
"2021-INH1","FlaFlw",5,"FlagLeaf","Flowering"
"2021-MIH1","FlaFlw",5,"FlagLeaf","Flowering"
"2021-MNH1","FlaFlw",4,"FlagLeaf","Flowering"
"2021-NEH1","FlaFlw",5,"FlagLeaf","Flowering"
"2021-NEH2","FlaFlw",4,"FlagLeaf","Flowering"
"2021-NEH3","FlaFlw",4,"FlagLeaf","Flowering"
"2021-NYH1","FlaFlw",5,"FlagLeaf","Flowering"
"2021-NYH2","FlaFlw",5,"FlagLeaf","Flowering"
"2021-NYH3","FlaFlw",5,"FlagLeaf","Flowering"
"2021-SCH1","FlaFlw",4,"FlagLeaf","Flowering"
"2021-SCH1L","FlaFlw",5,"FlagLeaf","Flowering"
"2021-TXH1","FlaFlw",5,"FlagLeaf","Flowering"
"2021-TXH2","FlaFlw",5,"FlagLeaf","Flowering"
"2021-TXH3","FlaFlw",4,"FlagLeaf","Flowering"
"2021-WIH1","FlaFlw",5,"FlagLeaf","Flowering"
"2021-WIH2","FlaFlw",4,"FlagLeaf","Flowering"
"2021-WIH3","FlaFlw",5,"FlagLeaf","Flowering"
"2022-DEH1","FlaFlw",4,"FlagLeaf","Flowering"
"2022-GAH1","FlaFlw",4,"FlagLeaf","Flowering"
"2022-GAH2","FlaFlw",4,"FlagLeaf","Flowering"
"2022-IAH2","FlaFlw",5,"FlagLeaf","Flowering"
"2022-IAH3","FlaFlw",5,"FlagLeaf","Flowering"
"2022-IAH4","FlaFlw",5,"FlagLeaf","Flowering"
"2022-ILH1","FlaFlw",5,"FlagLeaf","Flowering"
"2022-INH1","FlaFlw",5,"FlagLeaf","Flowering"
"2022-MIH1","FlaFlw",6,"FlagLeaf","Flowering"
"2022-MNH1","FlaFlw",4,"FlagLeaf","Flowering"
"2022-MOH2","FlaFlw",5,"FlagLeaf","Flowering"
"2022-NEH1","FlaFlw",4,"FlagLeaf","Flowering"
"2022-NEH2","FlaFlw",4,"FlagLeaf","Flowering"
"2022-NEH3","FlaFlw",4,"FlagLeaf","Flowering"
"2022-NYH2","FlaFlw",5,"FlagLeaf","Flowering"
"2022-NYH3","FlaFlw",5,"FlagLeaf","Flowering"
"2022-OHH1","FlaFlw",5,"FlagLeaf","Flowering"
"2022-SCH1","FlaFlw",4,"FlagLeaf","Flowering"
"2022-TXH1","FlaFlw",5,"FlagLeaf","Flowering"
"2022-TXH2","FlaFlw",5,"FlagLeaf","Flowering"
"2022-TXH3","FlaFlw",4,"FlagLeaf","Flowering"
"2022-WIH1","FlaFlw",5,"FlagLeaf","Flowering"
"2022-WIH2","FlaFlw",5,"FlagLeaf","Flowering"
"2022-WIH3","FlaFlw",5,"FlagLeaf","Flowering"
"2014-DEH1","FlwStG",8,"Flowering","StartGrainFill"
"2014-GAH1","FlwStG",7,"Flowering","StartGrainFill"
"2014-IAH1","FlwStG",10,"Flowering","StartGrainFill"
"2014-ILH1","FlwStG",11,"Flowering","StartGrainFill"
"2014-INH1","FlwStG",8,"Flowering","StartGrainFill"
"2014-MNH1","FlwStG",10,"Flowering","StartGrainFill"
"2014-MOH1","FlwStG",8,"Flowering","StartGrainFill"
"2014-MOH2","FlwStG",8,"Flowering","StartGrainFill"
"2014-NEH1","FlwStG",9,"Flowering","StartGrainFill"
"2014-NEH2","FlwStG",8,"Flowering","StartGrainFill"
"2014-NYH2","FlwStG",12,"Flowering","StartGrainFill"
"2014-TXH1","FlwStG",8,"Flowering","StartGrainFill"
"2014-TXH2","FlwStG",8,"Flowering","StartGrainFill"
"2014-WIH1","FlwStG",11,"Flowering","StartGrainFill"
"2015-DEH1","FlwStG",8,"Flowering","StartGrainFill"
"2015-GAH1","FlwStG",8,"Flowering","StartGrainFill"
"2015-ILH1","FlwStG",10,"Flowering","StartGrainFill"
"2015-INH1","FlwStG",9,"Flowering","StartGrainFill"
"2015-KSH1","FlwStG",8,"Flowering","StartGrainFill"
"2015-MNH1","FlwStG",9,"Flowering","StartGrainFill"
"2015-MOH1","FlwStG",8,"Flowering","StartGrainFill"
"2015-MOH2","FlwStG",8,"Flowering","StartGrainFill"
"2015-NEH2","FlwStG",8,"Flowering","StartGrainFill"
"2015-NEH3","FlwStG",8,"Flowering","StartGrainFill"
"2015-NYH2","FlwStG",8,"Flowering","StartGrainFill"
"2015-NYH3","FlwStG",11,"Flowering","StartGrainFill"
"2015-OHH1","FlwStG",9,"Flowering","StartGrainFill"
"2015-SDH1","FlwStG",8,"Flowering","StartGrainFill"
"2015-TXH1","FlwStG",8,"Flowering","StartGrainFill"
"2015-TXH2","FlwStG",7,"Flowering","StartGrainFill"
"2016-ARH1","FlwStG",7,"Flowering","StartGrainFill"
"2016-ARH2","FlwStG",8,"Flowering","StartGrainFill"
"2016-DEH1","FlwStG",8,"Flowering","StartGrainFill"
"2016-GAH1","FlwStG",7,"Flowering","StartGrainFill"
"2016-GAH2","FlwStG",7,"Flowering","StartGrainFill"
"2016-IAH2","FlwStG",9,"Flowering","StartGrainFill"
"2016-IAH3","FlwStG",8,"Flowering","StartGrainFill"
"2016-IAH4","FlwStG",9,"Flowering","StartGrainFill"
"2016-ILH1","FlwStG",8,"Flowering","StartGrainFill"
"2016-INH1","FlwStG",7,"Flowering","StartGrainFill"
"2016-MIH1","FlwStG",8,"Flowering","StartGrainFill"
"2016-MNH1","FlwStG",9,"Flowering","StartGrainFill"
"2016-MOH1","FlwStG",7,"Flowering","StartGrainFill"
"2016-NEH1","FlwStG",9,"Flowering","StartGrainFill"
"2016-NEH4","FlwStG",8,"Flowering","StartGrainFill"
"2016-NYH1","FlwStG",9,"Flowering","StartGrainFill"
"2016-NYH2","FlwStG",8,"Flowering","StartGrainFill"
"2016-NYH2L","FlwStG",8,"Flowering","StartGrainFill"
"2016-TXH1","FlwStG",9,"Flowering","StartGrainFill"
"2016-TXH2","FlwStG",7,"Flowering","StartGrainFill"
"2016-WIH1","FlwStG",8,"Flowering","StartGrainFill"
"2016-WIH2","FlwStG",9,"Flowering","StartGrainFill"
"2017-ARH1","FlwStG",8,"Flowering","StartGrainFill"
"2017-ARH2","FlwStG",7,"Flowering","StartGrainFill"
"2017-COH1","FlwStG",10,"Flowering","StartGrainFill"
"2017-DEH1","FlwStG",8,"Flowering","StartGrainFill"
"2017-GAH1","FlwStG",9,"Flowering","StartGrainFill"
"2017-GAH2","FlwStG",8,"Flowering","StartGrainFill"
"2017-IAH4","FlwStG",6,"Flowering","StartGrainFill"
"2017-ILH1","FlwStG",8,"Flowering","StartGrainFill"
"2017-INH1","FlwStG",8,"Flowering","StartGrainFill"
"2017-MIH1","FlwStG",9,"Flowering","StartGrainFill"
"2017-MNH1","FlwStG",10,"Flowering","StartGrainFill"
"2017-MOH1","FlwStG",7,"Flowering","StartGrainFill"
"2017-NYH1","FlwStG",10,"Flowering","StartGrainFill"
"2017-NYH2","FlwStG",10,"Flowering","StartGrainFill"
"2017-NYH3","FlwStG",11,"Flowering","StartGrainFill"
"2017-TXH1-Dry","FlwStG",8,"Flowering","StartGrainFill"
"2017-TXH1-Early","FlwStG",8,"Flowering","StartGrainFill"
"2017-TXH1-Late","FlwStG",8,"Flowering","StartGrainFill"
"2017-TXH2","FlwStG",7,"Flowering","StartGrainFill"
"2017-WIH1","FlwStG",9,"Flowering","StartGrainFill"
"2017-WIH2","FlwStG",11,"Flowering","StartGrainFill"
"2018-ARH1","FlwStG",7,"Flowering","StartGrainFill"
"2018-ARH2","FlwStG",7,"Flowering","StartGrainFill"
"2018-DEH1","FlwStG",8,"Flowering","StartGrainFill"
"2018-GAH1","FlwStG",9,"Flowering","StartGrainFill"
"2018-GAH2","FlwStG",7,"Flowering","StartGrainFill"
"2018-IAH2","FlwStG",8,"Flowering","StartGrainFill"
"2018-IAH4","FlwStG",9,"Flowering","StartGrainFill"
"2018-ILH1","FlwStG",9,"Flowering","StartGrainFill"
"2018-INH1","FlwStG",8,"Flowering","StartGrainFill"
"2018-MIH1","FlwStG",10,"Flowering","StartGrainFill"
"2018-MNH1","FlwStG",11,"Flowering","StartGrainFill"
"2018-MOH1","FlwStG",7,"Flowering","StartGrainFill"
"2018-NCH1","FlwStG",7,"Flowering","StartGrainFill"
"2018-NYH1","FlwStG",10,"Flowering","StartGrainFill"
"2018-NYH2","FlwStG",10,"Flowering","StartGrainFill"
"2018-NYH3","FlwStG",9,"Flowering","StartGrainFill"
"2018-OHH1","FlwStG",9,"Flowering","StartGrainFill"
"2018-SCH1","FlwStG",7,"Flowering","StartGrainFill"
"2018-TXH1-Dry","FlwStG",8,"Flowering","StartGrainFill"
"2018-TXH1-Early","FlwStG",8,"Flowering","StartGrainFill"
"2018-TXH1-Late","FlwStG",7,"Flowering","StartGrainFill"
"2018-TXH2","FlwStG",7,"Flowering","StartGrainFill"
"2018-WIH1","FlwStG",9,"Flowering","StartGrainFill"
"2018-WIH2","FlwStG",11,"Flowering","StartGrainFill"
"2019-DEH1","FlwStG",8,"Flowering","StartGrainFill"
"2019-GAH1","FlwStG",7,"Flowering","StartGrainFill"
"2019-GAH2","FlwStG",7,"Flowering","StartGrainFill"
"2019-IAH4","FlwStG",9,"Flowering","StartGrainFill"
"2019-ILH1","FlwStG",9,"Flowering","StartGrainFill"
"2019-INH1","FlwStG",9,"Flowering","StartGrainFill"
"2019-MIH1","FlwStG",10,"Flowering","StartGrainFill"
"2019-MNH1","FlwStG",10,"Flowering","StartGrainFill"
"2019-MOH1","FlwStG",8,"Flowering","StartGrainFill"
"2019-NCH1","FlwStG",7,"Flowering","StartGrainFill"
"2019-NEH1","FlwStG",9,"Flowering","StartGrainFill"
"2019-NEH2","FlwStG",9,"Flowering","StartGrainFill"
"2019-NEH2L","FlwStG",8,"Flowering","StartGrainFill"
"2019-NYH1","FlwStG",10,"Flowering","StartGrainFill"
"2019-NYH2","FlwStG",9,"Flowering","StartGrainFill"
"2019-NYH3","FlwStG",10,"Flowering","StartGrainFill"
"2019-OHH1","FlwStG",9,"Flowering","StartGrainFill"
"2019-SCH1","FlwStG",7,"Flowering","StartGrainFill"
"2019-TXH1","FlwStG",7,"Flowering","StartGrainFill"
"2019-TXH2","FlwStG",7,"Flowering","StartGrainFill"
"2019-TXH3","FlwStG",7,"Flowering","StartGrainFill"
"2019-WIH1","FlwStG",10,"Flowering","StartGrainFill"
"2019-WIH2","FlwStG",11,"Flowering","StartGrainFill"
"2020-DEH1","FlwStG",8,"Flowering","StartGrainFill"
"2020-GAH1","FlwStG",8,"Flowering","StartGrainFill"
"2020-GAH2","FlwStG",7,"Flowering","StartGrainFill"
"2020-INH1","FlwStG",8,"Flowering","StartGrainFill"
"2020-MIH1","FlwStG",9,"Flowering","StartGrainFill"
"2020-MNH1","FlwStG",9,"Flowering","StartGrainFill"
"2020-MOH1","FlwStG",8,"Flowering","StartGrainFill"
"2020-NEH1","FlwStG",8,"Flowering","StartGrainFill"
"2020-NEH2","FlwStG",9,"Flowering","StartGrainFill"
"2020-NEH3","FlwStG",7,"Flowering","StartGrainFill"
"2020-NYH1","FlwStG",9,"Flowering","StartGrainFill"
"2020-NYH2","FlwStG",8,"Flowering","StartGrainFill"
"2020-NYH3","FlwStG",8,"Flowering","StartGrainFill"
"2020-OHH1","FlwStG",8,"Flowering","StartGrainFill"
"2020-SCH1","FlwStG",7,"Flowering","StartGrainFill"
"2020-TXH1","FlwStG",8,"Flowering","StartGrainFill"
"2020-TXH2","FlwStG",7,"Flowering","StartGrainFill"
"2020-TXH3","FlwStG",7,"Flowering","StartGrainFill"
"2020-WIH1","FlwStG",9,"Flowering","StartGrainFill"
"2020-WIH2","FlwStG",9,"Flowering","StartGrainFill"
"2020-WIH3","FlwStG",9,"Flowering","StartGrainFill"
"2021-COH1","FlwStG",9,"Flowering","StartGrainFill"
"2021-DEH1","FlwStG",8,"Flowering","StartGrainFill"
"2021-GAH1","FlwStG",8,"Flowering","StartGrainFill"
"2021-GAH2","FlwStG",9,"Flowering","StartGrainFill"
"2021-IAH4","FlwStG",9,"Flowering","StartGrainFill"
"2021-ILH1","FlwStG",10,"Flowering","StartGrainFill"
"2021-INH1","FlwStG",8,"Flowering","StartGrainFill"
"2021-MIH1","FlwStG",10,"Flowering","StartGrainFill"
"2021-MNH1","FlwStG",8,"Flowering","StartGrainFill"
"2021-NEH1","FlwStG",8,"Flowering","StartGrainFill"
"2021-NEH2","FlwStG",8,"Flowering","StartGrainFill"
"2021-NEH3","FlwStG",8,"Flowering","StartGrainFill"
"2021-NYH1","FlwStG",11,"Flowering","StartGrainFill"
"2021-NYH2","FlwStG",11,"Flowering","StartGrainFill"
"2021-NYH3","FlwStG",11,"Flowering","StartGrainFill"
"2021-SCH1","FlwStG",9,"Flowering","StartGrainFill"
"2021-SCH1L","FlwStG",7,"Flowering","StartGrainFill"
"2021-TXH1","FlwStG",8,"Flowering","StartGrainFill"
"2021-TXH2","FlwStG",8,"Flowering","StartGrainFill"
"2021-TXH3","FlwStG",7,"Flowering","StartGrainFill"
"2021-WIH1","FlwStG",9,"Flowering","StartGrainFill"
"2021-WIH2","FlwStG",10,"Flowering","StartGrainFill"
"2021-WIH3","FlwStG",10,"Flowering","StartGrainFill"
"2022-DEH1","FlwStG",9,"Flowering","StartGrainFill"
"2022-GAH1","FlwStG",7,"Flowering","StartGrainFill"
"2022-GAH2","FlwStG",8,"Flowering","StartGrainFill"
"2022-IAH2","FlwStG",8,"Flowering","StartGrainFill"
"2022-IAH3","FlwStG",8,"Flowering","StartGrainFill"
"2022-IAH4","FlwStG",8,"Flowering","StartGrainFill"
"2022-ILH1","FlwStG",8,"Flowering","StartGrainFill"
"2022-INH1","FlwStG",8,"Flowering","StartGrainFill"
"2022-MIH1","FlwStG",9,"Flowering","StartGrainFill"
"2022-MNH1","FlwStG",10,"Flowering","StartGrainFill"
"2022-MOH2","FlwStG",7,"Flowering","StartGrainFill"
"2022-NEH1","FlwStG",8,"Flowering","StartGrainFill"
"2022-NEH2","FlwStG",9,"Flowering","StartGrainFill"
"2022-NEH3","FlwStG",9,"Flowering","StartGrainFill"
"2022-NYH2","FlwStG",9,"Flowering","StartGrainFill"
"2022-NYH3","FlwStG",9,"Flowering","StartGrainFill"
"2022-OHH1","FlwStG",9,"Flowering","StartGrainFill"
"2022-SCH1","FlwStG",8,"Flowering","StartGrainFill"
"2022-TXH1","FlwStG",7,"Flowering","StartGrainFill"
"2022-TXH2","FlwStG",7,"Flowering","StartGrainFill"
"2022-TXH3","FlwStG",7,"Flowering","StartGrainFill"
"2022-WIH1","FlwStG",9,"Flowering","StartGrainFill"
"2022-WIH2","FlwStG",11,"Flowering","StartGrainFill"
"2022-WIH3","FlwStG",10,"Flowering","StartGrainFill"
"2014-DEH1","StGEnG",33,"StartGrainFill","EndGrainFill"
"2014-GAH1","StGEnG",29,"StartGrainFill","EndGrainFill"
"2014-IAH1","StGEnG",35,"StartGrainFill","EndGrainFill"
"2014-ILH1","StGEnG",35,"StartGrainFill","EndGrainFill"
"2014-INH1","StGEnG",73,"StartGrainFill","EndGrainFill"
"2014-MNH1","StGEnG",42,"StartGrainFill","EndGrainFill"
"2014-MOH1","StGEnG",31,"StartGrainFill","EndGrainFill"
"2014-MOH2","StGEnG",30,"StartGrainFill","EndGrainFill"
"2014-NEH1","StGEnG",30,"StartGrainFill","EndGrainFill"
"2014-NEH2","StGEnG",43,"StartGrainFill","EndGrainFill"
"2014-NYH2","StGEnG",45,"StartGrainFill","EndGrainFill"
"2014-TXH1","StGEnG",29,"StartGrainFill","EndGrainFill"
"2014-TXH2","StGEnG",27,"StartGrainFill","EndGrainFill"
"2014-WIH1","StGEnG",37,"StartGrainFill","EndGrainFill"
"2015-DEH1","StGEnG",29,"StartGrainFill","EndGrainFill"
"2015-GAH1","StGEnG",23,"StartGrainFill","EndGrainFill"
"2015-ILH1","StGEnG",32,"StartGrainFill","EndGrainFill"
"2015-INH1","StGEnG",37,"StartGrainFill","EndGrainFill"
"2015-KSH1","StGEnG",36,"StartGrainFill","EndGrainFill"
"2015-MNH1","StGEnG",40,"StartGrainFill","EndGrainFill"
"2015-MOH1","StGEnG",37,"StartGrainFill","EndGrainFill"
"2015-MOH2","StGEnG",35,"StartGrainFill","EndGrainFill"
"2015-NEH2","StGEnG",40,"StartGrainFill","EndGrainFill"
"2015-NEH3","StGEnG",38,"StartGrainFill","EndGrainFill"
"2015-NYH2","StGEnG",38,"StartGrainFill","EndGrainFill"
"2015-NYH3","StGEnG",37,"StartGrainFill","EndGrainFill"
"2015-OHH1","StGEnG",34,"StartGrainFill","EndGrainFill"
"2015-SDH1","StGEnG",35,"StartGrainFill","EndGrainFill"
"2015-TXH1","StGEnG",29,"StartGrainFill","EndGrainFill"
"2015-TXH2","StGEnG",36,"StartGrainFill","EndGrainFill"
"2016-ARH1","StGEnG",27,"StartGrainFill","EndGrainFill"
"2016-ARH2","StGEnG",26,"StartGrainFill","EndGrainFill"
"2016-DEH1","StGEnG",27,"StartGrainFill","EndGrainFill"
"2016-GAH1","StGEnG",26,"StartGrainFill","EndGrainFill"
"2016-GAH2","StGEnG",28,"StartGrainFill","EndGrainFill"
"2016-IAH2","StGEnG",34,"StartGrainFill","EndGrainFill"
"2016-IAH3","StGEnG",36,"StartGrainFill","EndGrainFill"
"2016-IAH4","StGEnG",34,"StartGrainFill","EndGrainFill"
"2016-ILH1","StGEnG",30,"StartGrainFill","EndGrainFill"
"2016-INH1","StGEnG",31,"StartGrainFill","EndGrainFill"
"2016-MIH1","StGEnG",32,"StartGrainFill","EndGrainFill"
"2016-MNH1","StGEnG",41,"StartGrainFill","EndGrainFill"
"2016-MOH1","StGEnG",33,"StartGrainFill","EndGrainFill"
"2016-NEH1","StGEnG",24,"StartGrainFill","EndGrainFill"
"2016-NEH4","StGEnG",34,"StartGrainFill","EndGrainFill"
"2016-NYH1","StGEnG",35,"StartGrainFill","EndGrainFill"
"2016-NYH2","StGEnG",32,"StartGrainFill","EndGrainFill"
"2016-NYH2L","StGEnG",31,"StartGrainFill","EndGrainFill"
"2016-TXH1","StGEnG",29,"StartGrainFill","EndGrainFill"
"2016-TXH2","StGEnG",34,"StartGrainFill","EndGrainFill"
"2016-WIH1","StGEnG",34,"StartGrainFill","EndGrainFill"
"2016-WIH2","StGEnG",33,"StartGrainFill","EndGrainFill"
"2017-ARH1","StGEnG",29,"StartGrainFill","EndGrainFill"
"2017-ARH2","StGEnG",28,"StartGrainFill","EndGrainFill"
"2017-COH1","StGEnG",50,"StartGrainFill","EndGrainFill"
"2017-DEH1","StGEnG",28,"StartGrainFill","EndGrainFill"
"2017-GAH1","StGEnG",29,"StartGrainFill","EndGrainFill"
"2017-GAH2","StGEnG",27,"StartGrainFill","EndGrainFill"
"2017-IAH4","StGEnG",35,"StartGrainFill","EndGrainFill"
"2017-ILH1","StGEnG",36,"StartGrainFill","EndGrainFill"
"2017-INH1","StGEnG",36,"StartGrainFill","EndGrainFill"
"2017-MIH1","StGEnG",35,"StartGrainFill","EndGrainFill"
"2017-MNH1","StGEnG",44,"StartGrainFill","EndGrainFill"
"2017-MOH1","StGEnG",35,"StartGrainFill","EndGrainFill"
"2017-NYH1","StGEnG",43,"StartGrainFill","EndGrainFill"
"2017-NYH2","StGEnG",43,"StartGrainFill","EndGrainFill"
"2017-NYH3","StGEnG",44,"StartGrainFill","EndGrainFill"
"2017-TXH1-Dry","StGEnG",28,"StartGrainFill","EndGrainFill"
"2017-TXH1-Early","StGEnG",28,"StartGrainFill","EndGrainFill"
"2017-TXH1-Late","StGEnG",26,"StartGrainFill","EndGrainFill"
"2017-TXH2","StGEnG",34,"StartGrainFill","EndGrainFill"
"2017-WIH1","StGEnG",44,"StartGrainFill","EndGrainFill"
"2017-WIH2","StGEnG",46,"StartGrainFill","EndGrainFill"
"2018-ARH1","StGEnG",31,"StartGrainFill","EndGrainFill"
"2018-ARH2","StGEnG",31,"StartGrainFill","EndGrainFill"
"2018-DEH1","StGEnG",30,"StartGrainFill","EndGrainFill"
"2018-GAH1","StGEnG",25,"StartGrainFill","EndGrainFill"
"2018-GAH2","StGEnG",27,"StartGrainFill","EndGrainFill"
"2018-IAH2","StGEnG",38,"StartGrainFill","EndGrainFill"
"2018-IAH4","StGEnG",36,"StartGrainFill","EndGrainFill"
"2018-ILH1","StGEnG",34,"StartGrainFill","EndGrainFill"
"2018-INH1","StGEnG",35,"StartGrainFill","EndGrainFill"
"2018-MIH1","StGEnG",31,"StartGrainFill","EndGrainFill"
"2018-MNH1","StGEnG",37,"StartGrainFill","EndGrainFill"
"2018-MOH1","StGEnG",31,"StartGrainFill","EndGrainFill"
"2018-NCH1","StGEnG",29,"StartGrainFill","EndGrainFill"
"2018-NYH1","StGEnG",33,"StartGrainFill","EndGrainFill"
"2018-NYH2","StGEnG",35,"StartGrainFill","EndGrainFill"
"2018-NYH3","StGEnG",41,"StartGrainFill","EndGrainFill"
"2018-OHH1","StGEnG",31,"StartGrainFill","EndGrainFill"
"2018-SCH1","StGEnG",28,"StartGrainFill","EndGrainFill"
"2018-TXH1-Dry","StGEnG",27,"StartGrainFill","EndGrainFill"
"2018-TXH1-Early","StGEnG",27,"StartGrainFill","EndGrainFill"
"2018-TXH1-Late","StGEnG",27,"StartGrainFill","EndGrainFill"
"2018-TXH2","StGEnG",30,"StartGrainFill","EndGrainFill"
"2018-WIH1","StGEnG",34,"StartGrainFill","EndGrainFill"
"2018-WIH2","StGEnG",36,"StartGrainFill","EndGrainFill"
"2019-DEH1","StGEnG",25,"StartGrainFill","EndGrainFill"
"2019-GAH1","StGEnG",25,"StartGrainFill","EndGrainFill"
"2019-GAH2","StGEnG",28,"StartGrainFill","EndGrainFill"
"2019-IAH4","StGEnG",38,"StartGrainFill","EndGrainFill"
"2019-ILH1","StGEnG",35,"StartGrainFill","EndGrainFill"
"2019-INH1","StGEnG",37,"StartGrainFill","EndGrainFill"
"2019-MIH1","StGEnG",39,"StartGrainFill","EndGrainFill"
"2019-MNH1","StGEnG",49,"StartGrainFill","EndGrainFill"
"2019-MOH1","StGEnG",31,"StartGrainFill","EndGrainFill"
"2019-NCH1","StGEnG",28,"StartGrainFill","EndGrainFill"
"2019-NEH1","StGEnG",37,"StartGrainFill","EndGrainFill"
"2019-NEH2","StGEnG",36,"StartGrainFill","EndGrainFill"
"2019-NEH2L","StGEnG",35,"StartGrainFill","EndGrainFill"
"2019-NYH1","StGEnG",43,"StartGrainFill","EndGrainFill"
"2019-NYH2","StGEnG",42,"StartGrainFill","EndGrainFill"
"2019-NYH3","StGEnG",47,"StartGrainFill","EndGrainFill"
"2019-OHH1","StGEnG",34,"StartGrainFill","EndGrainFill"
"2019-SCH1","StGEnG",27,"StartGrainFill","EndGrainFill"
"2019-TXH1","StGEnG",28,"StartGrainFill","EndGrainFill"
"2019-TXH2","StGEnG",28,"StartGrainFill","EndGrainFill"
"2019-TXH3","StGEnG",28,"StartGrainFill","EndGrainFill"
"2019-WIH1","StGEnG",40,"StartGrainFill","EndGrainFill"
"2019-WIH2","StGEnG",44,"StartGrainFill","EndGrainFill"
"2020-DEH1","StGEnG",27,"StartGrainFill","EndGrainFill"
"2020-GAH1","StGEnG",26,"StartGrainFill","EndGrainFill"
"2020-GAH2","StGEnG",27,"StartGrainFill","EndGrainFill"
"2020-INH1","StGEnG",35,"StartGrainFill","EndGrainFill"
"2020-MIH1","StGEnG",31,"StartGrainFill","EndGrainFill"
"2020-MNH1","StGEnG",35,"StartGrainFill","EndGrainFill"
"2020-MOH1","StGEnG",33,"StartGrainFill","EndGrainFill"
"2020-NEH1","StGEnG",34,"StartGrainFill","EndGrainFill"
"2020-NEH2","StGEnG",37,"StartGrainFill","EndGrainFill"
"2020-NEH3","StGEnG",36,"StartGrainFill","EndGrainFill"
"2020-NYH1","StGEnG",37,"StartGrainFill","EndGrainFill"
"2020-NYH2","StGEnG",34,"StartGrainFill","EndGrainFill"
"2020-NYH3","StGEnG",35,"StartGrainFill","EndGrainFill"
"2020-OHH1","StGEnG",31,"StartGrainFill","EndGrainFill"
"2020-SCH1","StGEnG",25,"StartGrainFill","EndGrainFill"
"2020-TXH1","StGEnG",30,"StartGrainFill","EndGrainFill"
"2020-TXH2","StGEnG",30,"StartGrainFill","EndGrainFill"
"2020-TXH3","StGEnG",27,"StartGrainFill","EndGrainFill"
"2020-WIH1","StGEnG",37,"StartGrainFill","EndGrainFill"
"2020-WIH2","StGEnG",38,"StartGrainFill","EndGrainFill"
"2020-WIH3","StGEnG",37,"StartGrainFill","EndGrainFill"
"2021-COH1","StGEnG",37,"StartGrainFill","EndGrainFill"
"2021-DEH1","StGEnG",30,"StartGrainFill","EndGrainFill"
"2021-GAH1","StGEnG",24,"StartGrainFill","EndGrainFill"
"2021-GAH2","StGEnG",28,"StartGrainFill","EndGrainFill"
"2021-IAH4","StGEnG",33,"StartGrainFill","EndGrainFill"
"2021-ILH1","StGEnG",33,"StartGrainFill","EndGrainFill"
"2021-INH1","StGEnG",29,"StartGrainFill","EndGrainFill"
"2021-MIH1","StGEnG",34,"StartGrainFill","EndGrainFill"
"2021-MNH1","StGEnG",36,"StartGrainFill","EndGrainFill"
"2021-NEH1","StGEnG",29,"StartGrainFill","EndGrainFill"
"2021-NEH2","StGEnG",34,"StartGrainFill","EndGrainFill"
"2021-NEH3","StGEnG",30,"StartGrainFill","EndGrainFill"
"2021-NYH1","StGEnG",37,"StartGrainFill","EndGrainFill"
"2021-NYH2","StGEnG",35,"StartGrainFill","EndGrainFill"
"2021-NYH3","StGEnG",35,"StartGrainFill","EndGrainFill"
"2021-SCH1","StGEnG",27,"StartGrainFill","EndGrainFill"
"2021-SCH1L","StGEnG",28,"StartGrainFill","EndGrainFill"
"2021-TXH1","StGEnG",29,"StartGrainFill","EndGrainFill"
"2021-TXH2","StGEnG",29,"StartGrainFill","EndGrainFill"
"2021-TXH3","StGEnG",27,"StartGrainFill","EndGrainFill"
"2021-WIH1","StGEnG",32,"StartGrainFill","EndGrainFill"
"2021-WIH2","StGEnG",37,"StartGrainFill","EndGrainFill"
"2021-WIH3","StGEnG",36,"StartGrainFill","EndGrainFill"
"2022-DEH1","StGEnG",26,"StartGrainFill","EndGrainFill"
"2022-GAH1","StGEnG",27,"StartGrainFill","EndGrainFill"
"2022-GAH2","StGEnG",28,"StartGrainFill","EndGrainFill"
"2022-IAH2","StGEnG",33,"StartGrainFill","EndGrainFill"
"2022-IAH3","StGEnG",40,"StartGrainFill","EndGrainFill"
"2022-IAH4","StGEnG",35,"StartGrainFill","EndGrainFill"
"2022-ILH1","StGEnG",38,"StartGrainFill","EndGrainFill"
"2022-INH1","StGEnG",33,"StartGrainFill","EndGrainFill"
"2022-MIH1","StGEnG",40,"StartGrainFill","EndGrainFill"
"2022-MNH1","StGEnG",36,"StartGrainFill","EndGrainFill"
"2022-MOH2","StGEnG",26,"StartGrainFill","EndGrainFill"
"2022-NEH1","StGEnG",32,"StartGrainFill","EndGrainFill"
"2022-NEH2","StGEnG",36,"StartGrainFill","EndGrainFill"
"2022-NEH3","StGEnG",36,"StartGrainFill","EndGrainFill"
"2022-NYH2","StGEnG",34,"StartGrainFill","EndGrainFill"
"2022-NYH3","StGEnG",34,"StartGrainFill","EndGrainFill"
"2022-OHH1","StGEnG",32,"StartGrainFill","EndGrainFill"
"2022-SCH1","StGEnG",27,"StartGrainFill","EndGrainFill"
"2022-TXH1","StGEnG",28,"StartGrainFill","EndGrainFill"
"2022-TXH2","StGEnG",28,"StartGrainFill","EndGrainFill"
"2022-TXH3","StGEnG",33,"StartGrainFill","EndGrainFill"
"2022-WIH1","StGEnG",38,"StartGrainFill","EndGrainFill"
"2022-WIH2","StGEnG",37,"StartGrainFill","EndGrainFill"
"2022-WIH3","StGEnG",46,"StartGrainFill","EndGrainFill"
"2014-DEH1","EnGMat",2,"EndGrainFill","Maturity"
"2014-GAH1","EnGMat",2,"EndGrainFill","Maturity"
"2014-IAH1","EnGMat",2,"EndGrainFill","Maturity"
"2014-ILH1","EnGMat",2,"EndGrainFill","Maturity"
"2014-INH1","EnGMat",5,"EndGrainFill","Maturity"
"2014-MNH1","EnGMat",2,"EndGrainFill","Maturity"
"2014-MOH1","EnGMat",2,"EndGrainFill","Maturity"
"2014-MOH2","EnGMat",2,"EndGrainFill","Maturity"
"2014-NEH1","EnGMat",1,"EndGrainFill","Maturity"
"2014-NEH2","EnGMat",2,"EndGrainFill","Maturity"
"2014-NYH2","EnGMat",1,"EndGrainFill","Maturity"
"2014-TXH1","EnGMat",1,"EndGrainFill","Maturity"
"2014-TXH2","EnGMat",1,"EndGrainFill","Maturity"
"2014-WIH1","EnGMat",1,"EndGrainFill","Maturity"
"2015-DEH1","EnGMat",1,"EndGrainFill","Maturity"
"2015-GAH1","EnGMat",2,"EndGrainFill","Maturity"
"2015-ILH1","EnGMat",1,"EndGrainFill","Maturity"
"2015-INH1","EnGMat",2,"EndGrainFill","Maturity"
"2015-KSH1","EnGMat",2,"EndGrainFill","Maturity"
"2015-MNH1","EnGMat",2,"EndGrainFill","Maturity"
"2015-MOH1","EnGMat",2,"EndGrainFill","Maturity"
"2015-MOH2","EnGMat",2,"EndGrainFill","Maturity"
"2015-NEH2","EnGMat",1,"EndGrainFill","Maturity"
"2015-NEH3","EnGMat",2,"EndGrainFill","Maturity"
"2015-NYH2","EnGMat",2,"EndGrainFill","Maturity"
"2015-NYH3","EnGMat",2,"EndGrainFill","Maturity"
"2015-OHH1","EnGMat",2,"EndGrainFill","Maturity"
"2015-SDH1","EnGMat",2,"EndGrainFill","Maturity"
"2015-TXH1","EnGMat",2,"EndGrainFill","Maturity"
"2015-TXH2","EnGMat",2,"EndGrainFill","Maturity"
"2016-ARH1","EnGMat",1,"EndGrainFill","Maturity"
"2016-ARH2","EnGMat",2,"EndGrainFill","Maturity"
"2016-DEH1","EnGMat",1,"EndGrainFill","Maturity"
"2016-GAH1","EnGMat",1,"EndGrainFill","Maturity"
"2016-GAH2","EnGMat",2,"EndGrainFill","Maturity"
"2016-IAH2","EnGMat",2,"EndGrainFill","Maturity"
"2016-IAH3","EnGMat",2,"EndGrainFill","Maturity"
"2016-IAH4","EnGMat",2,"EndGrainFill","Maturity"
"2016-ILH1","EnGMat",2,"EndGrainFill","Maturity"
"2016-INH1","EnGMat",2,"EndGrainFill","Maturity"
"2016-MIH1","EnGMat",2,"EndGrainFill","Maturity"
"2016-MNH1","EnGMat",2,"EndGrainFill","Maturity"
"2016-MOH1","EnGMat",1,"EndGrainFill","Maturity"
"2016-NEH1","EnGMat",1,"EndGrainFill","Maturity"
"2016-NEH4","EnGMat",1,"EndGrainFill","Maturity"
"2016-NYH1","EnGMat",2,"EndGrainFill","Maturity"
"2016-NYH2","EnGMat",1,"EndGrainFill","Maturity"
"2016-NYH2L","EnGMat",2,"EndGrainFill","Maturity"
"2016-TXH1","EnGMat",1,"EndGrainFill","Maturity"
"2016-TXH2","EnGMat",2,"EndGrainFill","Maturity"
"2016-WIH1","EnGMat",2,"EndGrainFill","Maturity"
"2016-WIH2","EnGMat",2,"EndGrainFill","Maturity"
"2017-ARH1","EnGMat",1,"EndGrainFill","Maturity"
"2017-ARH2","EnGMat",1,"EndGrainFill","Maturity"
"2017-COH1","EnGMat",2,"EndGrainFill","Maturity"
"2017-DEH1","EnGMat",2,"EndGrainFill","Maturity"
"2017-GAH1","EnGMat",1,"EndGrainFill","Maturity"
"2017-GAH2","EnGMat",1,"EndGrainFill","Maturity"
"2017-IAH4","EnGMat",2,"EndGrainFill","Maturity"
"2017-ILH1","EnGMat",1,"EndGrainFill","Maturity"
"2017-INH1","EnGMat",2,"EndGrainFill","Maturity"
"2017-MIH1","EnGMat",2,"EndGrainFill","Maturity"
"2017-MNH1","EnGMat",2,"EndGrainFill","Maturity"
"2017-MOH1","EnGMat",1,"EndGrainFill","Maturity"
"2017-NYH1","EnGMat",2,"EndGrainFill","Maturity"
"2017-NYH2","EnGMat",1,"EndGrainFill","Maturity"
"2017-NYH3","EnGMat",2,"EndGrainFill","Maturity"
"2017-TXH1-Dry","EnGMat",2,"EndGrainFill","Maturity"
"2017-TXH1-Early","EnGMat",2,"EndGrainFill","Maturity"
"2017-TXH1-Late","EnGMat",1,"EndGrainFill","Maturity"
"2017-TXH2","EnGMat",2,"EndGrainFill","Maturity"
"2017-WIH1","EnGMat",2,"EndGrainFill","Maturity"
"2017-WIH2","EnGMat",2,"EndGrainFill","Maturity"
"2018-ARH1","EnGMat",2,"EndGrainFill","Maturity"
"2018-ARH2","EnGMat",1,"EndGrainFill","Maturity"
"2018-DEH1","EnGMat",1,"EndGrainFill","Maturity"
"2018-GAH1","EnGMat",2,"EndGrainFill","Maturity"
"2018-GAH2","EnGMat",2,"EndGrainFill","Maturity"
"2018-IAH2","EnGMat",2,"EndGrainFill","Maturity"
"2018-IAH4","EnGMat",1,"EndGrainFill","Maturity"
"2018-ILH1","EnGMat",1,"EndGrainFill","Maturity"
"2018-INH1","EnGMat",1,"EndGrainFill","Maturity"
"2018-MIH1","EnGMat",2,"EndGrainFill","Maturity"
"2018-MNH1","EnGMat",2,"EndGrainFill","Maturity"
"2018-MOH1","EnGMat",2,"EndGrainFill","Maturity"
"2018-NCH1","EnGMat",2,"EndGrainFill","Maturity"
"2018-NYH1","EnGMat",2,"EndGrainFill","Maturity"
"2018-NYH2","EnGMat",2,"EndGrainFill","Maturity"
"2018-NYH3","EnGMat",2,"EndGrainFill","Maturity"
"2018-OHH1","EnGMat",1,"EndGrainFill","Maturity"
"2018-SCH1","EnGMat",1,"EndGrainFill","Maturity"
"2018-TXH1-Dry","EnGMat",1,"EndGrainFill","Maturity"
"2018-TXH1-Early","EnGMat",1,"EndGrainFill","Maturity"
"2018-TXH1-Late","EnGMat",2,"EndGrainFill","Maturity"
"2018-TXH2","EnGMat",2,"EndGrainFill","Maturity"
"2018-WIH1","EnGMat",2,"EndGrainFill","Maturity"
"2018-WIH2","EnGMat",2,"EndGrainFill","Maturity"
"2019-DEH1","EnGMat",2,"EndGrainFill","Maturity"
"2019-GAH1","EnGMat",1,"EndGrainFill","Maturity"
"2019-GAH2","EnGMat",2,"EndGrainFill","Maturity"
"2019-IAH4","EnGMat",2,"EndGrainFill","Maturity"
"2019-ILH1","EnGMat",2,"EndGrainFill","Maturity"
"2019-INH1","EnGMat",1,"EndGrainFill","Maturity"
"2019-MIH1","EnGMat",2,"EndGrainFill","Maturity"
"2019-MNH1","EnGMat",3,"EndGrainFill","Maturity"
"2019-MOH1","EnGMat",2,"EndGrainFill","Maturity"
"2019-NCH1","EnGMat",1,"EndGrainFill","Maturity"
"2019-NEH1","EnGMat",1,"EndGrainFill","Maturity"
"2019-NEH2","EnGMat",1,"EndGrainFill","Maturity"
"2019-NEH2L","EnGMat",2,"EndGrainFill","Maturity"
"2019-NYH1","EnGMat",2,"EndGrainFill","Maturity"
"2019-NYH2","EnGMat",2,"EndGrainFill","Maturity"
"2019-NYH3","EnGMat",2,"EndGrainFill","Maturity"
"2019-OHH1","EnGMat",1,"EndGrainFill","Maturity"
"2019-SCH1","EnGMat",1,"EndGrainFill","Maturity"
"2019-TXH1","EnGMat",1,"EndGrainFill","Maturity"
"2019-TXH2","EnGMat",2,"EndGrainFill","Maturity"
"2019-TXH3","EnGMat",2,"EndGrainFill","Maturity"
"2019-WIH1","EnGMat",2,"EndGrainFill","Maturity"
"2019-WIH2","EnGMat",2,"EndGrainFill","Maturity"
"2020-DEH1","EnGMat",1,"EndGrainFill","Maturity"
"2020-GAH1","EnGMat",2,"EndGrainFill","Maturity"
"2020-GAH2","EnGMat",2,"EndGrainFill","Maturity"
"2020-INH1","EnGMat",2,"EndGrainFill","Maturity"
"2020-MIH1","EnGMat",2,"EndGrainFill","Maturity"
"2020-MNH1","EnGMat",2,"EndGrainFill","Maturity"
"2020-MOH1","EnGMat",1,"EndGrainFill","Maturity"
"2020-NEH1","EnGMat",1,"EndGrainFill","Maturity"
"2020-NEH2","EnGMat",4,"EndGrainFill","Maturity"
"2020-NEH3","EnGMat",2,"EndGrainFill","Maturity"
"2020-NYH1","EnGMat",2,"EndGrainFill","Maturity"
"2020-NYH2","EnGMat",2,"EndGrainFill","Maturity"
"2020-NYH3","EnGMat",2,"EndGrainFill","Maturity"
"2020-OHH1","EnGMat",2,"EndGrainFill","Maturity"
"2020-SCH1","EnGMat",2,"EndGrainFill","Maturity"
"2020-TXH1","EnGMat",1,"EndGrainFill","Maturity"
"2020-TXH2","EnGMat",1,"EndGrainFill","Maturity"
"2020-TXH3","EnGMat",2,"EndGrainFill","Maturity"
"2020-WIH1","EnGMat",2,"EndGrainFill","Maturity"
"2020-WIH2","EnGMat",2,"EndGrainFill","Maturity"
"2020-WIH3","EnGMat",3,"EndGrainFill","Maturity"
"2021-COH1","EnGMat",2,"EndGrainFill","Maturity"
"2021-DEH1","EnGMat",1,"EndGrainFill","Maturity"
"2021-GAH1","EnGMat",2,"EndGrainFill","Maturity"
"2021-GAH2","EnGMat",1,"EndGrainFill","Maturity"
"2021-IAH4","EnGMat",2,"EndGrainFill","Maturity"
"2021-ILH1","EnGMat",1,"EndGrainFill","Maturity"
"2021-INH1","EnGMat",1,"EndGrainFill","Maturity"
"2021-MIH1","EnGMat",2,"EndGrainFill","Maturity"
"2021-MNH1","EnGMat",2,"EndGrainFill","Maturity"
"2021-NEH1","EnGMat",2,"EndGrainFill","Maturity"
"2021-NEH2","EnGMat",1,"EndGrainFill","Maturity"
"2021-NEH3","EnGMat",2,"EndGrainFill","Maturity"
"2021-NYH1","EnGMat",2,"EndGrainFill","Maturity"
"2021-NYH2","EnGMat",2,"EndGrainFill","Maturity"
"2021-NYH3","EnGMat",2,"EndGrainFill","Maturity"
"2021-SCH1","EnGMat",2,"EndGrainFill","Maturity"
"2021-SCH1L","EnGMat",2,"EndGrainFill","Maturity"
"2021-TXH1","EnGMat",2,"EndGrainFill","Maturity"
"2021-TXH2","EnGMat",2,"EndGrainFill","Maturity"
"2021-TXH3","EnGMat",2,"EndGrainFill","Maturity"
"2021-WIH1","EnGMat",2,"EndGrainFill","Maturity"
"2021-WIH2","EnGMat",2,"EndGrainFill","Maturity"
"2021-WIH3","EnGMat",2,"EndGrainFill","Maturity"
"2022-DEH1","EnGMat",2,"EndGrainFill","Maturity"
"2022-GAH1","EnGMat",2,"EndGrainFill","Maturity"
"2022-GAH2","EnGMat",2,"EndGrainFill","Maturity"
"2022-IAH2","EnGMat",2,"EndGrainFill","Maturity"
"2022-IAH3","EnGMat",1,"EndGrainFill","Maturity"
"2022-IAH4","EnGMat",2,"EndGrainFill","Maturity"
"2022-ILH1","EnGMat",2,"EndGrainFill","Maturity"
"2022-INH1","EnGMat",1,"EndGrainFill","Maturity"
"2022-MIH1","EnGMat",2,"EndGrainFill","Maturity"
"2022-MNH1","EnGMat",1,"EndGrainFill","Maturity"
"2022-MOH2","EnGMat",2,"EndGrainFill","Maturity"
"2022-NEH1","EnGMat",1,"EndGrainFill","Maturity"
"2022-NEH2","EnGMat",2,"EndGrainFill","Maturity"
"2022-NEH3","EnGMat",2,"EndGrainFill","Maturity"
"2022-NYH2","EnGMat",2,"EndGrainFill","Maturity"
"2022-NYH3","EnGMat",2,"EndGrainFill","Maturity"
"2022-OHH1","EnGMat",2,"EndGrainFill","Maturity"
"2022-SCH1","EnGMat",2,"EndGrainFill","Maturity"
"2022-TXH1","EnGMat",2,"EndGrainFill","Maturity"
"2022-TXH2","EnGMat",2,"EndGrainFill","Maturity"
"2022-TXH3","EnGMat",2,"EndGrainFill","Maturity"
"2022-WIH1","EnGMat",2,"EndGrainFill","Maturity"
"2022-WIH2","EnGMat",3,"EndGrainFill","Maturity"
"2022-WIH3","EnGMat",2,"EndGrainFill","Maturity"
"2014-DEH1","MatHar",1,"Maturity","HarvestRipe"
"2014-GAH1","MatHar",1,"Maturity","HarvestRipe"
"2014-IAH1","MatHar",1,"Maturity","HarvestRipe"
"2014-ILH1","MatHar",1,"Maturity","HarvestRipe"
"2014-INH1","MatHar",4,"Maturity","HarvestRipe"
"2014-MNH1","MatHar",2,"Maturity","HarvestRipe"
"2014-MOH1","MatHar",2,"Maturity","HarvestRipe"
"2014-MOH2","MatHar",1,"Maturity","HarvestRipe"
"2014-NEH1","MatHar",2,"Maturity","HarvestRipe"
"2014-NEH2","MatHar",1,"Maturity","HarvestRipe"
"2014-NYH2","MatHar",2,"Maturity","HarvestRipe"
"2014-TXH1","MatHar",2,"Maturity","HarvestRipe"
"2014-TXH2","MatHar",2,"Maturity","HarvestRipe"
"2014-WIH1","MatHar",2,"Maturity","HarvestRipe"
"2015-DEH1","MatHar",2,"Maturity","HarvestRipe"
"2015-GAH1","MatHar",1,"Maturity","HarvestRipe"
"2015-ILH1","MatHar",2,"Maturity","HarvestRipe"
"2015-INH1","MatHar",1,"Maturity","HarvestRipe"
"2015-KSH1","MatHar",1,"Maturity","HarvestRipe"
"2015-MNH1","MatHar",1,"Maturity","HarvestRipe"
"2015-MOH1","MatHar",1,"Maturity","HarvestRipe"
"2015-MOH2","MatHar",2,"Maturity","HarvestRipe"
"2015-NEH2","MatHar",2,"Maturity","HarvestRipe"
"2015-NEH3","MatHar",1,"Maturity","HarvestRipe"
"2015-NYH2","MatHar",1,"Maturity","HarvestRipe"
"2015-NYH3","MatHar",2,"Maturity","HarvestRipe"
"2015-OHH1","MatHar",1,"Maturity","HarvestRipe"
"2015-SDH1","MatHar",2,"Maturity","HarvestRipe"
"2015-TXH1","MatHar",1,"Maturity","HarvestRipe"
"2015-TXH2","MatHar",1,"Maturity","HarvestRipe"
"2016-ARH1","MatHar",2,"Maturity","HarvestRipe"
"2016-ARH2","MatHar",1,"Maturity","HarvestRipe"
"2016-DEH1","MatHar",2,"Maturity","HarvestRipe"
"2016-GAH1","MatHar",2,"Maturity","HarvestRipe"
"2016-GAH2","MatHar",1,"Maturity","HarvestRipe"
"2016-IAH2","MatHar",1,"Maturity","HarvestRipe"
"2016-IAH3","MatHar",1,"Maturity","HarvestRipe"
"2016-IAH4","MatHar",1,"Maturity","HarvestRipe"
"2016-ILH1","MatHar",2,"Maturity","HarvestRipe"
"2016-INH1","MatHar",1,"Maturity","HarvestRipe"
"2016-MIH1","MatHar",2,"Maturity","HarvestRipe"
"2016-MNH1","MatHar",2,"Maturity","HarvestRipe"
"2016-MOH1","MatHar",2,"Maturity","HarvestRipe"
"2016-NEH1","MatHar",2,"Maturity","HarvestRipe"
"2016-NEH4","MatHar",2,"Maturity","HarvestRipe"
"2016-NYH1","MatHar",1,"Maturity","HarvestRipe"
"2016-NYH2","MatHar",2,"Maturity","HarvestRipe"
"2016-NYH2L","MatHar",1,"Maturity","HarvestRipe"
"2016-TXH1","MatHar",2,"Maturity","HarvestRipe"
"2016-TXH2","MatHar",1,"Maturity","HarvestRipe"
"2016-WIH1","MatHar",2,"Maturity","HarvestRipe"
"2016-WIH2","MatHar",2,"Maturity","HarvestRipe"
"2017-ARH1","MatHar",2,"Maturity","HarvestRipe"
"2017-ARH2","MatHar",2,"Maturity","HarvestRipe"
"2017-COH1","MatHar",4,"Maturity","HarvestRipe"
"2017-DEH1","MatHar",2,"Maturity","HarvestRipe"
"2017-GAH1","MatHar",2,"Maturity","HarvestRipe"
"2017-GAH2","MatHar",2,"Maturity","HarvestRipe"
"2017-IAH4","MatHar",2,"Maturity","HarvestRipe"
"2017-ILH1","MatHar",2,"Maturity","HarvestRipe"
"2017-INH1","MatHar",2,"Maturity","HarvestRipe"
"2017-MIH1","MatHar",3,"Maturity","HarvestRipe"
"2017-MNH1","MatHar",1,"Maturity","HarvestRipe"
"2017-MOH1","MatHar",2,"Maturity","HarvestRipe"
"2017-NYH1","MatHar",1,"Maturity","HarvestRipe"
"2017-NYH2","MatHar",2,"Maturity","HarvestRipe"
"2017-NYH3","MatHar",2,"Maturity","HarvestRipe"
"2017-TXH1-Dry","MatHar",1,"Maturity","HarvestRipe"
"2017-TXH1-Early","MatHar",1,"Maturity","HarvestRipe"
"2017-TXH1-Late","MatHar",2,"Maturity","HarvestRipe"
"2017-TXH2","MatHar",1,"Maturity","HarvestRipe"
"2017-WIH1","MatHar",2,"Maturity","HarvestRipe"
"2017-WIH2","MatHar",2,"Maturity","HarvestRipe"
"2018-ARH1","MatHar",1,"Maturity","HarvestRipe"
"2018-ARH2","MatHar",2,"Maturity","HarvestRipe"
"2018-DEH1","MatHar",2,"Maturity","HarvestRipe"
"2018-GAH1","MatHar",1,"Maturity","HarvestRipe"
"2018-GAH2","MatHar",1,"Maturity","HarvestRipe"
"2018-IAH2","MatHar",1,"Maturity","HarvestRipe"
"2018-IAH4","MatHar",2,"Maturity","HarvestRipe"
"2018-ILH1","MatHar",2,"Maturity","HarvestRipe"
"2018-INH1","MatHar",2,"Maturity","HarvestRipe"
"2018-MIH1","MatHar",2,"Maturity","HarvestRipe"
"2018-MNH1","MatHar",2,"Maturity","HarvestRipe"
"2018-MOH1","MatHar",1,"Maturity","HarvestRipe"
"2018-NCH1","MatHar",1,"Maturity","HarvestRipe"
"2018-NYH1","MatHar",2,"Maturity","HarvestRipe"
"2018-NYH2","MatHar",2,"Maturity","HarvestRipe"
"2018-NYH3","MatHar",2,"Maturity","HarvestRipe"
"2018-OHH1","MatHar",2,"Maturity","HarvestRipe"
"2018-SCH1","MatHar",2,"Maturity","HarvestRipe"
"2018-TXH1-Dry","MatHar",2,"Maturity","HarvestRipe"
"2018-TXH1-Early","MatHar",2,"Maturity","HarvestRipe"
"2018-TXH1-Late","MatHar",1,"Maturity","HarvestRipe"
"2018-TXH2","MatHar",1,"Maturity","HarvestRipe"
"2018-WIH1","MatHar",2,"Maturity","HarvestRipe"
"2018-WIH2","MatHar",2,"Maturity","HarvestRipe"
"2019-DEH1","MatHar",1,"Maturity","HarvestRipe"
"2019-GAH1","MatHar",2,"Maturity","HarvestRipe"
"2019-GAH2","MatHar",1,"Maturity","HarvestRipe"
"2019-IAH4","MatHar",2,"Maturity","HarvestRipe"
"2019-ILH1","MatHar",1,"Maturity","HarvestRipe"
"2019-INH1","MatHar",2,"Maturity","HarvestRipe"
"2019-MIH1","MatHar",2,"Maturity","HarvestRipe"
"2019-MNH1","MatHar",2,"Maturity","HarvestRipe"
"2019-MOH1","MatHar",2,"Maturity","HarvestRipe"
"2019-NCH1","MatHar",2,"Maturity","HarvestRipe"
"2019-NEH1","MatHar",2,"Maturity","HarvestRipe"
"2019-NEH2","MatHar",2,"Maturity","HarvestRipe"
"2019-NEH2L","MatHar",1,"Maturity","HarvestRipe"
"2019-NYH1","MatHar",1,"Maturity","HarvestRipe"
"2019-NYH2","MatHar",2,"Maturity","HarvestRipe"
"2019-NYH3","MatHar",3,"Maturity","HarvestRipe"
"2019-OHH1","MatHar",2,"Maturity","HarvestRipe"
"2019-SCH1","MatHar",2,"Maturity","HarvestRipe"
"2019-TXH1","MatHar",2,"Maturity","HarvestRipe"
"2019-TXH2","MatHar",1,"Maturity","HarvestRipe"
"2019-TXH3","MatHar",1,"Maturity","HarvestRipe"
"2019-WIH1","MatHar",2,"Maturity","HarvestRipe"
"2019-WIH2","MatHar",2,"Maturity","HarvestRipe"
"2020-DEH1","MatHar",2,"Maturity","HarvestRipe"
"2020-GAH1","MatHar",1,"Maturity","HarvestRipe"
"2020-GAH2","MatHar",1,"Maturity","HarvestRipe"
"2020-INH1","MatHar",1,"Maturity","HarvestRipe"
"2020-MIH1","MatHar",2,"Maturity","HarvestRipe"
"2020-MNH1","MatHar",2,"Maturity","HarvestRipe"
"2020-MOH1","MatHar",2,"Maturity","HarvestRipe"
"2020-NEH1","MatHar",2,"Maturity","HarvestRipe"
"2020-NEH2","MatHar",2,"Maturity","HarvestRipe"
"2020-NEH3","MatHar",2,"Maturity","HarvestRipe"
"2020-NYH1","MatHar",1,"Maturity","HarvestRipe"
"2020-NYH2","MatHar",1,"Maturity","HarvestRipe"
"2020-NYH3","MatHar",2,"Maturity","HarvestRipe"
"2020-OHH1","MatHar",2,"Maturity","HarvestRipe"
"2020-SCH1","MatHar",1,"Maturity","HarvestRipe"
"2020-TXH1","MatHar",2,"Maturity","HarvestRipe"
"2020-TXH2","MatHar",2,"Maturity","HarvestRipe"
"2020-TXH3","MatHar",1,"Maturity","HarvestRipe"
"2020-WIH1","MatHar",2,"Maturity","HarvestRipe"
"2020-WIH2","MatHar",2,"Maturity","HarvestRipe"
"2020-WIH3","MatHar",3,"Maturity","HarvestRipe"
"2021-COH1","MatHar",2,"Maturity","HarvestRipe"
"2021-DEH1","MatHar",2,"Maturity","HarvestRipe"
"2021-GAH1","MatHar",2,"Maturity","HarvestRipe"
"2021-GAH2","MatHar",2,"Maturity","HarvestRipe"
"2021-IAH4","MatHar",1,"Maturity","HarvestRipe"
"2021-ILH1","MatHar",2,"Maturity","HarvestRipe"
"2021-INH1","MatHar",2,"Maturity","HarvestRipe"
"2021-MIH1","MatHar",2,"Maturity","HarvestRipe"
"2021-MNH1","MatHar",2,"Maturity","HarvestRipe"
"2021-NEH1","MatHar",2,"Maturity","HarvestRipe"
"2021-NEH2","MatHar",2,"Maturity","HarvestRipe"
"2021-NEH3","MatHar",2,"Maturity","HarvestRipe"
"2021-NYH1","MatHar",1,"Maturity","HarvestRipe"
"2021-NYH2","MatHar",2,"Maturity","HarvestRipe"
"2021-NYH3","MatHar",2,"Maturity","HarvestRipe"
"2021-SCH1","MatHar",1,"Maturity","HarvestRipe"
"2021-SCH1L","MatHar",1,"Maturity","HarvestRipe"
"2021-TXH1","MatHar",1,"Maturity","HarvestRipe"
"2021-TXH2","MatHar",1,"Maturity","HarvestRipe"
"2021-TXH3","MatHar",1,"Maturity","HarvestRipe"
"2021-WIH1","MatHar",2,"Maturity","HarvestRipe"
"2021-WIH2","MatHar",2,"Maturity","HarvestRipe"
"2021-WIH3","MatHar",2,"Maturity","HarvestRipe"
"2022-DEH1","MatHar",1,"Maturity","HarvestRipe"
"2022-GAH1","MatHar",1,"Maturity","HarvestRipe"
"2022-GAH2","MatHar",1,"Maturity","HarvestRipe"
"2022-IAH2","MatHar",2,"Maturity","HarvestRipe"
"2022-IAH3","MatHar",2,"Maturity","HarvestRipe"
"2022-IAH4","MatHar",1,"Maturity","HarvestRipe"
"2022-ILH1","MatHar",1,"Maturity","HarvestRipe"
"2022-INH1","MatHar",2,"Maturity","HarvestRipe"
"2022-MIH1","MatHar",2,"Maturity","HarvestRipe"
"2022-MNH1","MatHar",2,"Maturity","HarvestRipe"
"2022-MOH2","MatHar",1,"Maturity","HarvestRipe"
"2022-NEH1","MatHar",2,"Maturity","HarvestRipe"
"2022-NEH2","MatHar",1,"Maturity","HarvestRipe"
"2022-NEH3","MatHar",1,"Maturity","HarvestRipe"
"2022-NYH2","MatHar",2,"Maturity","HarvestRipe"
"2022-NYH3","MatHar",2,"Maturity","HarvestRipe"
"2022-OHH1","MatHar",2,"Maturity","HarvestRipe"
"2022-SCH1","MatHar",1,"Maturity","HarvestRipe"
"2022-TXH1","MatHar",1,"Maturity","HarvestRipe"
"2022-TXH2","MatHar",1,"Maturity","HarvestRipe"
"2022-TXH3","MatHar",1,"Maturity","HarvestRipe"
"2022-WIH1","MatHar",2,"Maturity","HarvestRipe"
"2022-WIH2","MatHar",2,"Maturity","HarvestRipe"
"2022-WIH3","MatHar",4,"Maturity","HarvestRipe"
